-- MySQL dump 10.13  Distrib 8.0.36, for Win64 (x86_64)
--
-- Host: localhost    Database: sample
-- ------------------------------------------------------
-- Server version	8.0.36

/*!40101 SET @OLD_CHARACTER_SET_CLIENT=@@CHARACTER_SET_CLIENT */;
/*!40101 SET @OLD_CHARACTER_SET_RESULTS=@@CHARACTER_SET_RESULTS */;
/*!40101 SET @OLD_COLLATION_CONNECTION=@@COLLATION_CONNECTION */;
/*!50503 SET NAMES utf8mb4 */;
/*!40103 SET @OLD_TIME_ZONE=@@TIME_ZONE */;
/*!40103 SET TIME_ZONE='+00:00' */;
/*!40014 SET @OLD_UNIQUE_CHECKS=@@UNIQUE_CHECKS, UNIQUE_CHECKS=0 */;
/*!40014 SET @OLD_FOREIGN_KEY_CHECKS=@@FOREIGN_KEY_CHECKS, FOREIGN_KEY_CHECKS=0 */;
/*!40101 SET @OLD_SQL_MODE=@@SQL_MODE, SQL_MODE='NO_AUTO_VALUE_ON_ZERO' */;
/*!40111 SET @OLD_SQL_NOTES=@@SQL_NOTES, SQL_NOTES=0 */;

--
-- Table structure for table `billdetails`
--

DROP TABLE IF EXISTS `billdetails`;
/*!40101 SET @saved_cs_client     = @@character_set_client */;
/*!50503 SET character_set_client = utf8mb4 */;
CREATE TABLE `billdetails` (
  `BillID` int NOT NULL,
  `SNo` int NOT NULL,
  `ItemName` varchar(100) NOT NULL,
  `DesignID` varchar(50) DEFAULT NULL,
  `OrderType` enum('Kachhe Me Jama','Kachhe Ka Baaki','Repairing') NOT NULL,
  `LabourCost` decimal(10,2) NOT NULL,
  `DullChillaiCost` decimal(10,2) DEFAULT NULL,
  `MeenaColorMeenaCost` decimal(10,2) DEFAULT NULL,
  `RhodiumCost` decimal(10,2) DEFAULT NULL,
  `NagSettingCost` decimal(10,2) DEFAULT NULL,
  `OtherBaseCosts` decimal(10,2) DEFAULT NULL,
  `OtherBaseCostNotes` text,
  `TotalBaseCosting` decimal(10,2) NOT NULL,
  `GoldRate` decimal(10,2) NOT NULL,
  `GoldPlatingWeight` decimal(10,2) NOT NULL,
  `TotalGoldCost` decimal(10,2) NOT NULL,
  `TotalFinalCost` decimal(10,2) NOT NULL,
  `OrderSlipNumber` bigint DEFAULT NULL,
  `itemid_bill` int NOT NULL AUTO_INCREMENT,
  `RawCost` decimal(10,2) NOT NULL DEFAULT '0.00',
  `quantity` int DEFAULT NULL,
  `customer_name` varchar(255) NOT NULL,
  PRIMARY KEY (`itemid_bill`),
  KEY `DesignID` (`DesignID`),
  KEY `fk_orderslip` (`OrderSlipNumber`),
  KEY `fk_billdetails_bill` (`BillID`),
  KEY `fk_billdetails_customer` (`customer_name`),
  CONSTRAINT `billdetails_ibfk_1` FOREIGN KEY (`BillID`) REFERENCES `bills` (`BillID`) ON DELETE CASCADE,
  CONSTRAINT `fk_billdetails_bill` FOREIGN KEY (`BillID`) REFERENCES `bills` (`BillID`) ON DELETE CASCADE ON UPDATE CASCADE,
  CONSTRAINT `fk_billdetails_customer` FOREIGN KEY (`customer_name`) REFERENCES `customers` (`customer_name`) ON DELETE RESTRICT ON UPDATE CASCADE
) ENGINE=InnoDB AUTO_INCREMENT=378 DEFAULT CHARSET=utf8mb4 COLLATE=utf8mb4_0900_ai_ci;
/*!40101 SET character_set_client = @saved_cs_client */;

--
-- Dumping data for table `billdetails`
--

LOCK TABLES `billdetails` WRITE;
/*!40000 ALTER TABLE `billdetails` DISABLE KEYS */;
INSERT INTO `billdetails` VALUES (6,1,'Anklet','D002','Repairing',0.00,0.00,0.00,0.00,0.00,0.00,NULL,2758.00,0.00,0.50,0.00,2758.00,0,89,0.00,NULL,'Meera Iyer'),(6,2,'Anklet','D003','Repairing',0.00,0.00,0.00,0.00,0.00,0.00,NULL,8016.00,0.00,0.75,6375.00,8016.00,0,90,0.00,NULL,'Meera Iyer'),(6,3,'Anklet','D003','Repairing',0.00,0.00,0.00,0.00,0.00,0.00,NULL,9291.00,0.00,0.90,7650.00,9291.00,0,91,0.00,NULL,'Meera Iyer'),(6,4,'Bracelet','D004','Repairing',0.00,0.00,0.00,0.00,0.00,0.00,NULL,17829.00,0.00,2.00,17000.00,17829.00,0,92,0.00,NULL,'Meera Iyer'),(6,5,'Bracelet','D004','Repairing',0.00,0.00,0.00,0.00,0.00,0.00,NULL,26329.00,0.00,3.00,25500.00,26329.00,0,93,0.00,NULL,'Meera Iyer'),(6,6,'Chain','D001','Repairing',0.00,0.00,0.00,0.00,0.00,0.00,NULL,9895.00,0.00,1.00,8500.00,9895.00,0,94,0.00,NULL,'Meera Iyer'),(6,7,'Chain','D001','Repairing',0.00,0.00,0.00,0.00,0.00,0.00,NULL,18395.00,0.00,2.00,17000.00,18395.00,0,95,0.00,NULL,'Meera Iyer'),(6,8,'Bracelet','D004','Repairing',0.00,0.00,0.00,0.00,0.00,0.00,NULL,26329.00,0.00,3.00,25500.00,26329.00,0,96,0.00,NULL,'Meera Iyer'),(6,9,'Bangles','D005','Repairing',0.00,0.00,0.00,0.00,0.00,0.00,NULL,43878.00,0.00,5.00,42500.00,43878.00,0,97,0.00,NULL,'Meera Iyer'),(6,10,'chain patta','NoID','Repairing',0.00,0.00,0.00,0.00,0.00,0.00,NULL,90000.00,0.00,10.00,85000.00,90000.00,0,98,0.00,NULL,'Meera Iyer'),(26,1,'Nose Ring','D018','Repairing',0.00,0.00,0.00,0.00,0.00,0.00,'',9576.00,8550.00,1.00,8550.00,9576.00,0,99,0.00,NULL,'Meera Iyer'),(26,2,'Nose Ring','D018','Kachhe Me Jama',0.00,0.00,0.00,0.00,0.00,0.00,'',18126.00,8550.00,2.00,17100.00,18126.00,114,100,0.00,NULL,'Meera Iyer'),(26,3,'Chain','D017','Kachhe Me Jama',0.00,0.00,0.00,0.00,0.00,0.00,'',26747.00,8550.00,3.00,25650.00,26747.00,114,101,0.00,NULL,'Meera Iyer'),(26,4,'Earrings','D019','Kachhe Me Jama',0.00,0.00,0.00,0.00,0.00,0.00,'',35080.00,8550.00,4.00,34200.00,35080.00,113,102,0.00,NULL,'Meera Iyer'),(26,5,'Earrings','D019','Kachhe Me Jama',0.00,0.00,0.00,0.00,0.00,0.00,'',43630.00,8550.00,5.00,42750.00,43630.00,115,103,0.00,NULL,'Meera Iyer'),(26,6,'Earrings','D019','Kachhe Me Jama',0.00,0.00,0.00,0.00,0.00,0.00,'',52180.00,8550.00,6.00,51300.00,52180.00,115,104,0.00,NULL,'Meera Iyer'),(26,7,'Earrings','D019','Kachhe Me Jama',0.00,0.00,0.00,0.00,0.00,0.00,'',43630.00,8550.00,5.00,42750.00,43630.00,115,105,0.00,NULL,'Meera Iyer'),(26,8,'Earrings','D019','Kachhe Me Jama',0.00,0.00,0.00,0.00,0.00,0.00,'',35080.00,8550.00,4.00,34200.00,35080.00,115,106,0.00,NULL,'Meera Iyer'),(26,9,'Necklace','D020','Kachhe Me Jama',0.00,0.00,0.00,0.00,0.00,0.00,'',9094.00,8550.00,1.00,8550.00,9094.00,115,107,0.00,NULL,'Meera Iyer'),(26,10,'Bracelet','D016','Kachhe Me Jama',0.00,0.00,0.00,0.00,0.00,0.00,'',18422.00,8550.00,2.00,17100.00,18422.00,116,108,0.00,NULL,'Meera Iyer'),(26,11,'Bracelet','D016','Kachhe Me Jama',0.00,0.00,0.00,0.00,0.00,0.00,'',26972.00,8550.00,3.00,25650.00,26972.00,112,109,0.00,NULL,'Meera Iyer'),(26,12,'Bracelet','D016','Kachhe Me Jama',0.00,0.00,0.00,0.00,0.00,0.00,'',18422.00,8550.00,2.00,17100.00,18422.00,112,110,0.00,NULL,'Meera Iyer'),(26,13,'Necklace','D020','Kachhe Me Jama',0.00,0.00,0.00,0.00,0.00,0.00,'',9094.00,8550.00,1.00,8550.00,9094.00,112,111,0.00,NULL,'Meera Iyer'),(26,14,'Bangles','D005','Repairing',0.00,0.00,0.00,0.00,0.00,0.00,'',35578.00,8550.00,4.00,34200.00,35578.00,0,112,0.00,NULL,'Meera Iyer'),(26,15,'Chain','D001','Repairing',0.00,0.00,0.00,0.00,0.00,0.00,'',9945.00,8550.00,1.00,8550.00,9945.00,0,113,0.00,NULL,'Meera Iyer'),(27,1,'Bracelet','D016','Kachhe Me Jama',0.00,0.00,0.00,0.00,0.00,0.00,'',6610.00,8550.00,0.00,0.00,6610.00,112,114,0.00,NULL,'Meera Iyer'),(27,2,'Bracelet','D016','Repairing',0.00,0.00,0.00,0.00,0.00,0.00,'',3966.00,8550.00,0.00,0.00,3966.00,0,115,0.00,NULL,'Meera Iyer'),(27,3,'Nose Ring','D018','Kachhe Me Jama',0.00,0.00,0.00,0.00,0.00,0.00,'',2052.00,8550.00,0.00,0.00,2052.00,112,116,0.00,NULL,'Meera Iyer'),(27,4,'Earrings','D019','Kachhe Me Jama',0.00,0.00,0.00,0.00,0.00,0.00,'',3520.00,8550.00,0.00,0.00,3520.00,114,117,0.00,NULL,'Meera Iyer'),(27,5,'Necklace','D020','Kachhe Me Jama',0.00,0.00,0.00,0.00,0.00,0.00,'',1088.00,8550.00,0.00,0.00,1088.00,115,118,0.00,NULL,'Meera Iyer'),(27,6,'Bracelet','D016','Kachhe Me Jama',0.00,0.00,0.00,0.00,0.00,0.00,'',2644.00,8550.00,0.00,0.00,2644.00,116,119,0.00,NULL,'Meera Iyer'),(27,7,'Bracelet','D016','Kachhe Me Jama',0.00,0.00,0.00,0.00,0.00,0.00,'',1322.00,8550.00,0.00,0.00,1322.00,112,120,0.00,NULL,'Meera Iyer'),(27,8,'Chain','D017','Kachhe Me Jama',0.00,0.00,0.00,0.00,0.00,0.00,'',3291.00,8550.00,0.00,0.00,3291.00,112,121,0.00,NULL,'Meera Iyer'),(28,1,'Bracelet','D016','Kachhe Me Jama',0.00,0.00,0.00,0.00,0.00,0.00,'',5288.00,8550.00,0.00,0.00,5288.00,112,122,0.00,NULL,'Meera Iyer'),(28,2,'Bracelet','D016','Repairing',0.00,0.00,0.00,0.00,0.00,0.00,'',2644.00,8550.00,0.00,0.00,2644.00,0,123,0.00,NULL,'Meera Iyer'),(28,3,'Bracelet','D016','Kachhe Me Jama',0.00,0.00,0.00,0.00,0.00,0.00,'',1322.00,8550.00,0.00,0.00,1322.00,112,124,0.00,NULL,'Meera Iyer'),(28,4,'Bracelet','D016','Kachhe Me Jama',0.00,0.00,0.00,0.00,0.00,0.00,'',3966.00,8550.00,0.00,0.00,3966.00,112,125,0.00,NULL,'Meera Iyer'),(28,5,'Nose Ring','D018','Kachhe Me Jama',0.00,0.00,0.00,0.00,0.00,0.00,'',3078.00,8550.00,0.00,0.00,3078.00,112,126,0.00,NULL,'Meera Iyer'),(28,6,'Earrings','D019','Kachhe Me Jama',0.00,0.00,0.00,0.00,0.00,0.00,'',1760.00,8550.00,0.00,0.00,1760.00,114,127,0.00,NULL,'Meera Iyer'),(28,7,'Necklace','D020','Kachhe Me Jama',0.00,0.00,0.00,0.00,0.00,0.00,'',2176.00,8550.00,0.00,0.00,2176.00,115,128,0.00,NULL,'Meera Iyer'),(28,8,'Nose Ring','D018','Kachhe Me Jama',0.00,0.00,0.00,0.00,0.00,0.00,'',3078.00,8550.00,0.00,0.00,3078.00,116,129,0.00,NULL,'Meera Iyer'),(28,9,'Chain','D017','Kachhe Me Jama',0.00,0.00,0.00,0.00,0.00,0.00,'',2194.00,8550.00,0.00,0.00,2194.00,114,130,0.00,NULL,'Meera Iyer'),(28,10,'Earrings','D019','Kachhe Me Jama',0.00,0.00,0.00,0.00,0.00,0.00,'',1760.00,8550.00,0.00,0.00,1760.00,113,131,0.00,NULL,'Meera Iyer'),(28,11,'Chain','D017','Kachhe Me Jama',0.00,0.00,0.00,0.00,0.00,0.00,'',2194.00,8550.00,0.00,0.00,2194.00,115,132,0.00,NULL,'Meera Iyer'),(28,12,'Bracelet','D016','Kachhe Me Jama',0.00,0.00,0.00,0.00,0.00,0.00,'',1322.00,8550.00,0.00,0.00,1322.00,113,133,0.00,NULL,'Meera Iyer'),(28,13,'Earrings','D019','Kachhe Me Jama',0.00,0.00,0.00,0.00,0.00,0.00,'',0.00,8550.00,0.00,0.00,0.00,112,134,0.00,NULL,'Meera Iyer'),(29,1,'Bracelet','D016','Kachhe Me Jama',0.00,0.00,0.00,0.00,0.00,0.00,'',5288.00,0.00,0.00,0.00,5288.00,112,135,0.00,NULL,'Meera Iyer'),(29,2,'Bracelet','D016','Repairing',0.00,0.00,0.00,0.00,0.00,0.00,'',5288.00,0.00,0.00,0.00,5288.00,0,136,0.00,NULL,'Meera Iyer'),(29,3,'Chain','D017','Kachhe Me Jama',0.00,0.00,0.00,0.00,0.00,0.00,'',2194.00,0.00,0.00,0.00,2194.00,112,137,0.00,NULL,'Meera Iyer'),(29,4,'Nose Ring','D018','Kachhe Me Jama',0.00,0.00,0.00,0.00,0.00,0.00,'',3078.00,0.00,0.00,0.00,3078.00,113,138,0.00,NULL,'Meera Iyer'),(29,5,'Chain','D017','Kachhe Me Jama',0.00,0.00,0.00,0.00,0.00,0.00,'',3291.00,0.00,0.00,0.00,3291.00,114,139,0.00,NULL,'Meera Iyer'),(29,6,'Bracelet','D016','Kachhe Me Jama',0.00,0.00,0.00,0.00,0.00,0.00,'',1322.00,0.00,0.00,0.00,1322.00,113,140,0.00,NULL,'Meera Iyer'),(30,1,'Chain','D017','Kachhe Me Jama',0.00,0.00,0.00,0.00,0.00,0.00,'',0.00,0.00,0.00,0.00,0.00,113,141,0.00,NULL,'Meera Iyer'),(30,2,'Nose Ring','D018','Kachhe Me Jama',0.00,0.00,0.00,0.00,0.00,0.00,'',0.00,0.00,0.00,0.00,0.00,114,142,0.00,NULL,'Meera Iyer'),(30,3,'Nose Ring','D018','Kachhe Me Jama',0.00,0.00,0.00,0.00,0.00,0.00,'',0.00,0.00,0.00,0.00,0.00,114,143,0.00,NULL,'Meera Iyer'),(30,4,'Chain','D017','Kachhe Me Jama',0.00,0.00,0.00,0.00,0.00,0.00,'',0.00,0.00,0.00,0.00,0.00,113,144,0.00,NULL,'Meera Iyer'),(30,5,'Bracelet','D016','Kachhe Me Jama',0.00,0.00,0.00,0.00,0.00,0.00,'',0.00,0.00,0.00,0.00,0.00,112,145,0.00,NULL,'Meera Iyer'),(30,6,'Bracelet','D016','Kachhe Me Jama',0.00,0.00,0.00,0.00,0.00,0.00,'',0.00,0.00,0.00,0.00,0.00,112,146,0.00,NULL,'Meera Iyer'),(30,7,'Earrings','D019','Kachhe Me Jama',0.00,0.00,0.00,0.00,0.00,0.00,'',0.00,0.00,0.00,0.00,0.00,115,147,0.00,NULL,'Meera Iyer'),(30,8,'Nose Ring','D018','Kachhe Me Jama',0.00,0.00,0.00,0.00,0.00,0.00,'',0.00,0.00,0.00,0.00,0.00,114,148,0.00,NULL,'Meera Iyer'),(30,9,'Earrings','D019','Kachhe Me Jama',0.00,0.00,0.00,0.00,0.00,0.00,'',0.00,0.00,0.00,0.00,0.00,115,149,0.00,NULL,'Meera Iyer'),(30,10,'Earrings','D019','Kachhe Me Jama',0.00,0.00,0.00,0.00,0.00,0.00,'',0.00,0.00,0.00,0.00,0.00,115,150,0.00,NULL,'Meera Iyer'),(30,11,'Nose Ring','D018','Kachhe Me Jama',0.00,0.00,0.00,0.00,0.00,0.00,'',0.00,0.00,0.00,0.00,0.00,114,151,0.00,NULL,'Meera Iyer'),(30,12,'Necklace','D020','Kachhe Me Jama',0.00,0.00,0.00,0.00,0.00,0.00,'',0.00,0.00,0.00,0.00,0.00,116,152,0.00,NULL,'Meera Iyer'),(30,13,'Necklace','D020','Kachhe Me Jama',0.00,0.00,0.00,0.00,0.00,0.00,'',0.00,0.00,0.00,0.00,0.00,116,153,0.00,NULL,'Meera Iyer'),(30,14,'Necklace','D020','Kachhe Me Jama',0.00,0.00,0.00,0.00,0.00,0.00,'',0.00,0.00,0.00,0.00,0.00,116,154,0.00,NULL,'Meera Iyer'),(31,1,'Chain','D017','Kachhe Me Jama',0.00,0.00,0.00,0.00,0.00,0.00,'',0.00,0.00,0.00,0.00,0.00,113,155,0.00,NULL,'Meera Iyer'),(31,2,'Nose Ring','D018','Kachhe Me Jama',452.00,0.00,0.00,0.00,0.00,0.00,'',0.00,0.00,0.00,0.00,0.00,114,156,0.00,NULL,'Meera Iyer'),(31,3,'Nose Ring','D018','Kachhe Me Jama',32.00,0.00,0.00,0.00,0.00,0.00,'',0.00,0.00,0.00,0.00,0.00,114,157,0.00,NULL,'Meera Iyer'),(31,4,'Chain','D017','Kachhe Me Jama',65.00,0.00,0.00,0.00,0.00,0.00,'',0.00,0.00,0.00,0.00,0.00,113,158,0.00,NULL,'Meera Iyer'),(31,5,'Bracelet','D016','Kachhe Me Jama',2.00,0.00,0.00,0.00,0.00,0.00,'',0.00,0.00,0.00,0.00,0.00,112,159,0.00,NULL,'Meera Iyer'),(31,6,'Bracelet','D016','Kachhe Me Jama',5.00,0.00,0.00,0.00,0.00,0.00,'',0.00,0.00,0.00,0.00,0.00,112,160,0.00,NULL,'Meera Iyer'),(31,7,'Earrings','D019','Kachhe Me Jama',42.00,0.00,0.00,0.00,0.00,0.00,'',0.00,0.00,0.00,0.00,0.00,115,161,0.00,NULL,'Meera Iyer'),(31,8,'Nose Ring','D018','Kachhe Me Jama',3.00,0.00,0.00,0.00,0.00,0.00,'',0.00,0.00,0.00,0.00,0.00,114,162,0.00,NULL,'Meera Iyer'),(31,9,'Earrings','D019','Kachhe Me Jama',62.00,0.00,0.00,0.00,0.00,0.00,'',0.00,0.00,0.00,0.00,0.00,115,163,0.00,NULL,'Meera Iyer'),(31,10,'Earrings','D019','Kachhe Me Jama',5.00,0.00,0.00,0.00,0.00,0.00,'',0.00,0.00,0.00,0.00,0.00,115,164,0.00,NULL,'Meera Iyer'),(31,11,'Nose Ring','D018','Kachhe Me Jama',2.00,0.00,0.00,0.00,0.00,0.00,'',0.00,0.00,0.00,0.00,0.00,114,165,0.00,NULL,'Meera Iyer'),(31,12,'Necklace','D020','Kachhe Me Jama',5.00,0.00,0.00,0.00,0.00,0.00,'',0.00,0.00,0.00,0.00,0.00,116,166,0.00,NULL,'Meera Iyer'),(31,13,'Necklace','D020','Kachhe Me Jama',2.00,0.00,0.00,0.00,0.00,0.00,'',0.00,0.00,0.00,0.00,0.00,116,167,0.00,NULL,'Meera Iyer'),(31,14,'Necklace','D020','Kachhe Me Jama',32.00,0.00,0.00,0.00,0.00,0.00,'',0.00,0.00,0.00,0.00,0.00,116,168,0.00,NULL,'Meera Iyer'),(32,1,'Chain','D001','Repairing',1.00,11.00,201.00,3.01,0.00,0.00,'',1611.01,0.00,0.00,0.00,1611.01,0,169,0.00,NULL,'Meera Iyer'),(32,2,'Chain','D001','Repairing',2.00,12.00,202.00,3.02,0.00,0.00,'',3228.04,0.00,0.00,0.00,3228.04,0,170,0.00,NULL,'Meera Iyer'),(32,3,'Chain','D017','Kachhe Me Jama',3.00,13.00,203.00,3.03,0.00,0.00,'',5276.12,0.00,0.00,0.00,5276.12,113,171,0.00,NULL,'Meera Iyer'),(32,4,'Nose Ring','D018','Kachhe Me Jama',4.00,14.00,204.00,3.04,0.00,0.00,'',7506.24,0.00,0.00,0.00,7506.24,114,172,0.00,NULL,'Meera Iyer'),(32,5,'Earrings','D019','Kachhe Me Jama',5.00,15.00,205.00,3.05,0.00,0.00,'',4432.20,0.00,0.00,0.00,4432.20,115,173,0.00,NULL,'Meera Iyer'),(32,6,'Earrings','D019','Kachhe Me Jama',6.00,16.00,206.00,3.06,0.00,0.00,'',4444.24,0.00,0.00,0.00,4444.24,115,174,0.00,NULL,'Meera Iyer'),(32,7,'Earrings','D019','Kachhe Me Jama',7.00,17.00,207.00,3.07,0.00,0.00,'',4456.28,0.00,0.00,0.00,4456.28,115,175,0.00,NULL,'Meera Iyer'),(32,8,'Necklace','D020','Kachhe Me Jama',8.00,18.00,208.00,3.08,0.00,0.00,'',3124.32,0.00,0.00,0.00,3124.32,116,176,0.00,NULL,'Meera Iyer'),(32,9,'Chain','D017','Kachhe Me Jama',9.00,19.00,209.00,3.09,0.00,0.00,'',1337.09,0.00,0.00,0.00,1337.09,113,177,0.00,NULL,'Meera Iyer'),(32,10,'Bracelet','D016','Kachhe Me Jama',10.00,110.00,210.00,3.10,0.00,0.00,'',6620.40,0.00,0.00,0.00,6620.40,112,178,0.00,NULL,'Meera Iyer'),(32,11,'Bracelet','D016','Kachhe Me Jama',11.00,111.00,211.00,3.01,0.00,0.00,'',4974.03,0.00,0.00,0.00,4974.03,112,179,0.00,NULL,'Meera Iyer'),(32,12,'Bracelet','D016','Kachhe Me Jama',12.00,112.00,212.00,3.01,0.00,0.00,'',3322.02,0.00,0.00,0.00,3322.02,112,180,0.00,NULL,'Meera Iyer'),(33,1,'Nose Ring','D018','Kachhe Me Jama',4.00,14.00,204.00,3.04,0.00,0.00,'',7506.24,0.00,1.01,0.00,7506.24,114,181,0.00,NULL,'Meera Iyer'),(33,2,'Earrings','D019','Kachhe Me Jama',5.00,15.00,205.00,3.05,0.00,0.00,'',4432.20,0.00,1.02,0.00,4432.20,115,182,0.00,NULL,'Meera Iyer'),(33,3,'Earrings','D019','Kachhe Me Jama',6.00,16.00,206.00,3.06,0.00,0.00,'',4444.24,0.00,1.03,0.00,4444.24,115,183,0.00,NULL,'Meera Iyer'),(33,4,'Earrings','D019','Kachhe Me Jama',7.00,17.00,207.00,3.07,0.00,0.00,'',4456.28,0.00,1.04,0.00,4456.28,115,184,0.00,NULL,'Meera Iyer'),(33,5,'Necklace','D020','Kachhe Me Jama',8.00,18.00,208.00,3.08,0.00,0.00,'',3124.32,0.00,1.05,0.00,3124.32,116,185,0.00,NULL,'Meera Iyer'),(33,6,'Chain','D017','Kachhe Me Jama',9.00,19.00,209.00,3.09,0.00,0.00,'',1337.09,0.00,1.06,0.00,1337.09,113,186,0.00,NULL,'Meera Iyer'),(33,7,'Bracelet','D016','Kachhe Me Jama',10.00,110.00,210.00,3.10,0.00,0.00,'',6620.40,0.00,1.07,0.00,6620.40,112,187,0.00,NULL,'Meera Iyer'),(33,8,'Bracelet','D016','Kachhe Me Jama',11.00,111.00,211.00,3.01,0.00,0.00,'',4974.03,0.00,1.08,0.00,4974.03,112,188,0.00,NULL,'Meera Iyer'),(33,9,'Bracelet','D016','Kachhe Me Jama',12.00,112.00,212.00,3.01,0.00,0.00,'',3322.02,0.00,1.09,0.00,3322.02,112,189,0.00,NULL,'Meera Iyer'),(34,1,'Nose Ring','D018','Kachhe Me Jama',4.00,14.00,204.00,3.04,0.00,0.00,'',16141.74,8550.00,1.01,8635.50,16141.74,114,190,0.00,NULL,'Meera Iyer'),(34,2,'Earrings','D019','Kachhe Me Jama',5.00,15.00,205.00,3.05,0.00,0.00,'',13153.20,8550.00,1.02,8721.00,13153.20,115,191,0.00,NULL,'Meera Iyer'),(34,3,'Earrings','D019','Kachhe Me Jama',6.00,16.00,206.00,3.06,0.00,0.00,'',13250.74,8550.00,1.03,8806.50,13250.74,115,192,0.00,NULL,'Meera Iyer'),(34,4,'Earrings','D019','Kachhe Me Jama',7.00,17.00,207.00,3.07,0.00,0.00,'',13348.28,8550.00,1.04,8892.00,13348.28,115,193,0.00,NULL,'Meera Iyer'),(34,5,'Necklace','D020','Kachhe Me Jama',8.00,18.00,208.00,3.08,0.00,0.00,'',12101.82,8550.00,1.05,8977.50,12101.82,116,194,0.00,NULL,'Meera Iyer'),(34,6,'Chain','D017','Kachhe Me Jama',9.00,19.00,209.00,3.09,0.00,0.00,'',10400.09,8550.00,1.06,9063.00,10400.09,113,195,0.00,NULL,'Meera Iyer'),(34,7,'Bracelet','D016','Kachhe Me Jama',10.00,110.00,210.00,3.10,0.00,0.00,'',15768.90,8550.00,1.07,9148.50,15768.90,112,196,0.00,NULL,'Meera Iyer'),(34,8,'Bracelet','D016','Kachhe Me Jama',11.00,111.00,211.00,3.01,0.00,0.00,'',14208.03,8550.00,1.08,9234.00,14208.03,112,197,0.00,NULL,'Meera Iyer'),(34,9,'Bracelet','D016','Kachhe Me Jama',12.00,112.00,212.00,3.01,0.00,0.00,'',12641.52,8550.00,1.09,9319.50,12641.52,112,198,0.00,NULL,'Meera Iyer'),(35,1,'Nose Ring','D018','Kachhe Me Jama',4.00,14.00,204.00,3.04,0.00,0.00,'',16141.74,8550.00,1.01,8635.50,16141.74,114,199,0.00,NULL,'Meera Iyer'),(35,2,'Earrings','D019','Kachhe Me Jama',5.00,15.00,205.00,3.05,0.00,0.00,'',13153.20,8550.00,1.02,8721.00,13153.20,115,200,0.00,NULL,'Meera Iyer'),(35,3,'Earrings','D019','Kachhe Me Jama',6.00,16.00,206.00,3.06,0.00,0.00,'',13250.74,8550.00,1.03,8806.50,13250.74,115,201,0.00,NULL,'Meera Iyer'),(35,4,'Earrings','D019','Kachhe Me Jama',7.00,17.00,207.00,3.07,0.00,0.00,'',13348.28,8550.00,1.04,8892.00,13348.28,115,202,0.00,NULL,'Meera Iyer'),(35,5,'Necklace','D020','Kachhe Me Jama',8.00,18.00,208.00,3.08,0.00,0.00,'',12101.82,8550.00,1.05,8977.50,12101.82,116,203,0.00,NULL,'Meera Iyer'),(35,6,'Chain','D017','Kachhe Me Jama',9.00,19.00,209.00,3.09,0.00,0.00,'',10400.09,8550.00,1.06,9063.00,10400.09,113,204,0.00,NULL,'Meera Iyer'),(35,7,'Bracelet','D016','Kachhe Me Jama',10.00,110.00,210.00,3.10,0.00,0.00,'',15768.90,8550.00,1.07,9148.50,15768.90,112,205,0.00,NULL,'Meera Iyer'),(35,8,'Bracelet','D016','Kachhe Me Jama',11.00,111.00,211.00,3.01,0.00,0.00,'',14208.03,8550.00,1.08,9234.00,14208.03,112,206,0.00,NULL,'Meera Iyer'),(35,9,'Bracelet','D016','Kachhe Me Jama',12.00,112.00,212.00,3.01,0.00,0.00,'',12641.52,8550.00,1.09,9319.50,12641.52,112,207,0.00,NULL,'Meera Iyer'),(38,1,'Nose Ring','D018','Repairing',4.00,14.00,204.00,3.04,0.00,0.00,'',7506.24,0.00,1.01,0.00,7506.24,0,208,1026.00,NULL,'Meera Iyer'),(38,2,'Earrings','D019','Repairing',5.00,15.00,205.00,3.05,0.00,0.00,'',13153.20,0.00,1.02,8721.00,13153.20,0,209,880.00,NULL,'Meera Iyer'),(38,3,'Earrings','D019','Repairing',6.00,16.00,206.00,3.06,0.00,0.00,'',13250.74,0.00,1.03,8806.50,13250.74,0,210,880.00,NULL,'Meera Iyer'),(38,4,'Earrings','D019','Repairing',7.00,17.00,207.00,3.07,0.00,0.00,'',13348.28,0.00,1.04,8892.00,13348.28,0,211,880.00,NULL,'Meera Iyer'),(38,5,'Necklace','D020','Repairing',8.00,18.00,208.00,3.08,0.00,0.00,'',12101.82,0.00,1.05,8977.50,12101.82,0,212,544.00,NULL,'Meera Iyer'),(38,6,'Chain','D017','Repairing',9.00,19.00,209.00,3.09,0.00,0.00,'',10400.09,0.00,1.06,9063.00,10400.09,0,213,1097.00,NULL,'Meera Iyer'),(38,7,'Bracelet','D016','Repairing',10.00,110.00,210.00,3.10,0.00,0.00,'',15768.90,0.00,1.07,9148.50,15768.90,0,214,1322.00,NULL,'Meera Iyer'),(38,8,'Bracelet','D016','Repairing',11.00,111.00,211.00,3.01,0.00,0.00,'',14208.03,0.00,1.08,9234.00,14208.03,0,215,1322.00,NULL,'Meera Iyer'),(38,9,'Bracelet','D016','Repairing',12.00,112.00,212.00,3.01,0.00,0.00,'',12641.52,0.00,1.09,9319.50,12641.52,0,216,1322.00,NULL,'Meera Iyer'),(39,1,'Nose Ring','D018','Repairing',4.00,14.00,204.00,3.04,0.00,0.00,'',7506.24,0.00,1.01,0.00,7506.24,0,217,1026.00,NULL,'Meera Iyer'),(39,2,'Earrings','D019','Repairing',5.00,15.00,205.00,3.05,0.00,0.00,'',13153.20,0.00,1.02,8721.00,13153.20,0,218,880.00,NULL,'Meera Iyer'),(39,3,'Earrings','D019','Repairing',6.00,16.00,206.00,3.06,0.00,0.00,'',13250.74,0.00,1.03,8806.50,13250.74,0,219,880.00,NULL,'Meera Iyer'),(39,4,'Earrings','D019','Repairing',7.00,17.00,207.00,3.07,0.00,0.00,'',13348.28,0.00,1.04,8892.00,13348.28,0,220,880.00,NULL,'Meera Iyer'),(39,5,'Necklace','D020','Repairing',8.00,18.00,208.00,3.08,0.00,0.00,'',12101.82,0.00,1.05,8977.50,12101.82,0,221,544.00,NULL,'Meera Iyer'),(39,6,'Chain','D017','Repairing',9.00,19.00,209.00,3.09,0.00,0.00,'',10400.09,0.00,1.06,9063.00,10400.09,0,222,1097.00,NULL,'Meera Iyer'),(39,7,'Bracelet','D016','Repairing',10.00,110.00,210.00,3.10,0.00,0.00,'',15768.90,0.00,1.07,9148.50,15768.90,0,223,1322.00,NULL,'Meera Iyer'),(39,8,'Bracelet','D016','Repairing',11.00,111.00,211.00,3.01,0.00,0.00,'',14208.03,0.00,1.08,9234.00,14208.03,0,224,1322.00,NULL,'Meera Iyer'),(39,9,'Bracelet','D016','Repairing',12.00,112.00,212.00,3.01,0.00,0.00,'',12641.52,0.00,1.09,9319.50,12641.52,0,225,1322.00,NULL,'Meera Iyer'),(40,1,'Nose Ring','D018','Repairing',4.00,14.00,204.00,3.04,0.00,0.00,'',7506.24,0.00,1.01,0.00,7506.24,0,226,1026.00,NULL,'Meera Iyer'),(40,2,'Earrings','D019','Repairing',5.00,15.00,205.00,3.05,0.00,0.00,'',13153.20,0.00,1.02,8721.00,13153.20,0,227,880.00,NULL,'Meera Iyer'),(40,3,'Earrings','D019','Repairing',6.00,16.00,206.00,3.06,0.00,0.00,'',13250.74,0.00,1.03,8806.50,13250.74,0,228,880.00,NULL,'Meera Iyer'),(40,4,'Earrings','D019','Repairing',7.00,17.00,207.00,3.07,0.00,0.00,'',13348.28,0.00,1.04,8892.00,13348.28,0,229,880.00,NULL,'Meera Iyer'),(40,5,'Necklace','D020','Repairing',8.00,18.00,208.00,3.08,0.00,0.00,'',12101.82,0.00,1.05,8977.50,12101.82,0,230,544.00,NULL,'Meera Iyer'),(40,6,'Chain','D017','Repairing',9.00,19.00,209.00,3.09,0.00,0.00,'',10400.09,0.00,1.06,9063.00,10400.09,0,231,1097.00,NULL,'Meera Iyer'),(40,7,'Bracelet','D016','Repairing',10.00,110.00,210.00,3.10,0.00,0.00,'',15768.90,0.00,1.07,9148.50,15768.90,0,232,1322.00,NULL,'Meera Iyer'),(40,8,'Bracelet','D016','Repairing',11.00,111.00,211.00,3.01,0.00,0.00,'',14208.03,0.00,1.08,9234.00,14208.03,0,233,1322.00,NULL,'Meera Iyer'),(40,9,'Bracelet','D016','Repairing',12.00,112.00,212.00,3.01,0.00,0.00,'',12641.52,0.00,1.09,9319.50,12641.52,0,234,1322.00,NULL,'Meera Iyer'),(41,1,'Nose Ring','D018','Repairing',4.00,14.00,204.00,3.04,0.00,0.00,'',7506.24,0.00,1.01,0.00,7506.24,0,235,1026.00,6,'Meera Iyer'),(41,2,'Earrings','D019','Repairing',5.00,15.00,205.00,3.05,0.00,0.00,'',13153.20,0.00,1.02,8721.00,13153.20,0,236,880.00,4,'Meera Iyer'),(41,3,'Earrings','D019','Repairing',6.00,16.00,206.00,3.06,0.00,0.00,'',13250.74,0.00,1.03,8806.50,13250.74,0,237,880.00,4,'Meera Iyer'),(41,4,'Earrings','D019','Repairing',7.00,17.00,207.00,3.07,0.00,0.00,'',13348.28,0.00,1.04,8892.00,13348.28,0,238,880.00,4,'Meera Iyer'),(41,5,'Necklace','D020','Repairing',8.00,18.00,208.00,3.08,0.00,0.00,'',12101.82,0.00,1.05,8977.50,12101.82,0,239,544.00,4,'Meera Iyer'),(41,6,'Chain','D017','Repairing',9.00,19.00,209.00,3.09,0.00,0.00,'',10400.09,0.00,1.06,9063.00,10400.09,0,240,1097.00,1,'Meera Iyer'),(41,7,'Bracelet','D016','Repairing',10.00,110.00,210.00,3.10,0.00,0.00,'',15768.90,0.00,1.07,9148.50,15768.90,0,241,1322.00,4,'Meera Iyer'),(41,8,'Bracelet','D016','Repairing',11.00,111.00,211.00,3.01,0.00,0.00,'',14208.03,0.00,1.08,9234.00,14208.03,0,242,1322.00,3,'Meera Iyer'),(41,9,'Bracelet','D016','Repairing',12.00,112.00,212.00,3.01,0.00,0.00,'',12641.52,0.00,1.09,9319.50,12641.52,0,243,1322.00,2,'Meera Iyer'),(42,1,'Nose Ring','D018','Repairing',4.00,14.00,204.00,3.04,0.00,0.00,'',16141.74,8550.00,1.01,8635.50,16141.74,0,244,1026.00,6,'Meera Iyer'),(42,2,'Earrings','D019','Repairing',5.00,15.00,205.00,3.05,0.00,0.00,'',13153.20,8550.00,1.02,8721.00,13153.20,0,245,880.00,4,'Meera Iyer'),(42,3,'Earrings','D019','Repairing',6.00,16.00,206.00,3.06,0.00,0.00,'',13250.74,8550.00,1.03,8806.50,13250.74,0,246,880.00,4,'Meera Iyer'),(42,4,'Earrings','D019','Repairing',7.00,17.00,207.00,3.07,0.00,0.00,'',13348.28,8550.00,1.04,8892.00,13348.28,0,247,880.00,4,'Meera Iyer'),(42,5,'Necklace','D020','Repairing',8.00,18.00,208.00,3.08,0.00,0.00,'',12101.82,8550.00,1.05,8977.50,12101.82,0,248,544.00,4,'Meera Iyer'),(42,6,'Chain','D017','Repairing',9.00,19.00,209.00,3.09,0.00,0.00,'',10400.09,8550.00,1.06,9063.00,10400.09,0,249,1097.00,1,'Meera Iyer'),(42,7,'Bracelet','D016','Repairing',10.00,110.00,210.00,3.10,0.00,0.00,'',15768.90,8550.00,1.07,9148.50,15768.90,0,250,1322.00,4,'Meera Iyer'),(42,8,'Bracelet','D016','Repairing',11.00,111.00,211.00,3.01,0.00,0.00,'',14208.03,8550.00,1.08,9234.00,14208.03,0,251,1322.00,3,'Meera Iyer'),(42,9,'Bracelet','D016','Repairing',12.00,112.00,212.00,3.01,0.00,0.00,'',12641.52,8550.00,1.09,9319.50,12641.52,0,252,1322.00,2,'Meera Iyer'),(43,1,'Nose Ring','D018','Repairing',4.00,14.00,204.00,3.04,0.00,0.00,'',7506.24,8550.00,1.01,8635.50,16141.74,0,253,1026.00,6,'Meera Iyer'),(43,2,'Earrings','D019','Repairing',5.00,15.00,205.00,3.05,0.00,0.00,'',4432.20,8550.00,1.02,8721.00,13153.20,0,254,880.00,4,'Meera Iyer'),(43,3,'Earrings','D019','Repairing',6.00,16.00,206.00,3.06,0.00,0.00,'',4444.24,8550.00,1.03,8806.50,13250.74,0,255,880.00,4,'Meera Iyer'),(43,4,'Earrings','D019','Repairing',7.00,17.00,207.00,3.07,0.00,0.00,'',4456.28,8550.00,1.04,8892.00,13348.28,0,256,880.00,4,'Meera Iyer'),(43,5,'Necklace','D020','Repairing',8.00,18.00,208.00,3.08,0.00,0.00,'',3124.32,8550.00,1.05,8977.50,12101.82,0,257,544.00,4,'Meera Iyer'),(43,6,'Chain','D017','Repairing',9.00,19.00,209.00,3.09,0.00,0.00,'',1337.09,8550.00,1.06,9063.00,10400.09,0,258,1097.00,1,'Meera Iyer'),(43,7,'Bracelet','D016','Repairing',10.00,110.00,210.00,3.10,0.00,0.00,'',6620.40,8550.00,1.07,9148.50,15768.90,0,259,1322.00,4,'Meera Iyer'),(43,8,'Bracelet','D016','Repairing',11.00,111.00,211.00,3.01,0.00,0.00,'',4974.03,8550.00,1.08,9234.00,14208.03,0,260,1322.00,3,'Meera Iyer'),(43,9,'Bracelet','D016','Repairing',12.00,112.00,212.00,3.01,0.00,0.00,'',3322.02,8550.00,1.09,9319.50,12641.52,0,261,1322.00,2,'Meera Iyer'),(44,1,'Nose Ring','D018','Repairing',4.00,14.00,204.00,3.04,1.00,222.00,'a',8844.24,8550.00,1.01,8635.50,17479.74,0,262,1026.00,6,'Meera Iyer'),(44,2,'Earrings','D019','Repairing',5.00,15.00,205.00,3.05,2.00,555.00,'b',6660.20,8550.00,1.02,8721.00,15381.20,0,263,880.00,4,'Meera Iyer'),(44,3,'Earrings','D019','Repairing',6.00,16.00,206.00,3.06,3.00,222.00,'c',5344.24,8550.00,1.03,8806.50,14150.74,0,264,880.00,4,'Meera Iyer'),(44,4,'Earrings','D019','Repairing',7.00,17.00,207.00,3.07,4.00,555.00,'d',6692.28,8550.00,1.04,8892.00,15584.28,0,265,880.00,4,'Meera Iyer'),(44,5,'Necklace','D020','Repairing',8.00,18.00,208.00,3.08,5.00,222.00,'e',4032.32,8550.00,1.05,8977.50,13009.82,0,266,544.00,4,'Meera Iyer'),(44,6,'Chain','D017','Repairing',9.00,19.00,209.00,3.09,2.00,22.00,'f',1361.09,8550.00,1.06,9063.00,10424.09,0,267,1097.00,1,'Meera Iyer'),(44,7,'Bracelet','D016','Repairing',10.00,110.00,210.00,3.10,5.00,55.00,'g',6860.40,8550.00,1.07,9148.50,16008.90,0,268,1322.00,4,'Meera Iyer'),(44,8,'Bracelet','D016','Repairing',11.00,111.00,211.00,3.01,8.00,555.00,'h',6663.03,8550.00,1.08,9234.00,15897.03,0,269,1322.00,3,'Meera Iyer'),(44,9,'Bracelet','D016','Repairing',12.00,112.00,212.00,3.01,6.00,5555.00,'i',14444.02,8550.00,1.09,9319.50,23763.52,0,270,1322.00,2,'Meera Iyer'),(44,10,'Chain','D017','Kachhe Me Jama',0.00,0.00,0.00,0.00,0.00,0.00,'',4388.00,8550.00,0.00,0.00,4388.00,113,271,1097.00,4,'Meera Iyer'),(45,1,'Nose Ring','D018','Repairing',4.00,14.00,204.00,3.04,1.00,222.00,'a',8844.24,8550.00,1.01,8635.50,17479.74,0,272,1026.00,6,'Meera Iyer'),(45,2,'Earrings','D019','Repairing',5.00,15.00,205.00,3.05,2.00,555.00,'b',6660.20,8550.00,1.02,8721.00,15381.20,0,273,880.00,4,'Meera Iyer'),(45,3,'Earrings','D019','Repairing',6.00,16.00,206.00,3.06,3.00,222.00,'c',5344.24,8550.00,1.03,8806.50,14150.74,0,274,880.00,4,'Meera Iyer'),(45,4,'Earrings','D019','Repairing',7.00,17.00,207.00,3.07,4.00,555.00,'d',6692.28,8550.00,1.04,8892.00,15584.28,0,275,880.00,4,'Meera Iyer'),(45,5,'Necklace','D020','Repairing',8.00,18.00,208.00,3.08,5.00,222.00,'e',4032.32,8550.00,1.05,8977.50,13009.82,0,276,544.00,4,'Meera Iyer'),(45,6,'Chain','D017','Repairing',9.00,19.00,209.00,3.09,2.00,22.00,'f',1361.09,8550.00,1.06,9063.00,10424.09,0,277,1097.00,1,'Meera Iyer'),(45,7,'Bracelet','D016','Repairing',10.00,110.00,210.00,3.10,5.00,55.00,'g',6860.40,8550.00,1.07,9148.50,16008.90,0,278,1322.00,4,'Meera Iyer'),(45,8,'Bracelet','D016','Repairing',11.00,111.00,211.00,3.01,8.00,555.00,'h',6663.03,8550.00,1.08,9234.00,15897.03,0,279,1322.00,3,'Meera Iyer'),(45,9,'Bracelet','D016','Repairing',12.00,112.00,212.00,3.01,6.00,5555.00,'i',14444.02,8550.00,1.09,9319.50,23763.52,0,280,1322.00,2,'Meera Iyer'),(45,10,'Chain','D017','Kachhe Me Jama',0.00,0.00,0.00,0.00,0.00,0.00,'',4388.00,8550.00,0.00,0.00,4388.00,113,281,1097.00,4,'Meera Iyer'),(45,11,'Earrings','D019','Kachhe Me Jama',0.00,0.00,0.00,0.00,0.00,0.00,'',4400.00,8550.00,0.00,0.00,4400.00,115,282,880.00,5,'Meera Iyer'),(46,1,'Nose Ring','D018','Kachhe Me Jama',4.00,14.00,204.00,3.04,0.00,0.00,'',7506.24,0.00,1.01,0.00,7506.24,0,283,1026.00,6,'Meera Iyer'),(46,2,'Earrings','D019','Kachhe Me Jama',5.00,15.00,205.00,3.05,0.00,0.00,'',4432.20,0.00,1.02,8721.00,13153.20,0,284,880.00,4,'Meera Iyer'),(46,3,'Earrings','D019','Kachhe Me Jama',6.00,16.00,206.00,3.06,0.00,0.00,'',4444.24,0.00,1.03,8806.50,13250.74,0,285,880.00,4,'Meera Iyer'),(46,4,'Earrings','D019','Kachhe Me Jama',7.00,17.00,207.00,3.07,0.00,0.00,'',4456.28,0.00,1.04,8892.00,13348.28,0,286,880.00,4,'Meera Iyer'),(46,5,'Necklace','D020','Kachhe Me Jama',8.00,18.00,208.00,3.08,0.00,0.00,'',3124.32,0.00,1.05,8977.50,12101.82,0,287,544.00,4,'Meera Iyer'),(46,6,'Chain','D017','Kachhe Me Jama',9.00,19.00,209.00,3.09,0.00,0.00,'',1337.09,0.00,1.06,9063.00,10400.09,0,288,1097.00,1,'Meera Iyer'),(46,7,'Bracelet','D016','Kachhe Me Jama',10.00,110.00,210.00,3.10,0.00,0.00,'',6620.40,0.00,1.07,9148.50,15768.90,0,289,1322.00,4,'Meera Iyer'),(46,8,'Bracelet','D016','Kachhe Me Jama',11.00,111.00,211.00,3.01,0.00,0.00,'',4974.03,0.00,1.08,9234.00,14208.03,0,290,1322.00,3,'Meera Iyer'),(46,9,'Bracelet','D016','Kachhe Me Jama',12.00,112.00,212.00,3.01,0.00,0.00,'',3322.02,0.00,1.09,9319.50,12641.52,0,291,1322.00,2,'Meera Iyer'),(47,1,'Nose Ring','D018','Kachhe Ka Baaki',4.00,14.00,204.00,3.04,5.00,22.00,'a',7668.24,9550.00,1.01,9645.50,17313.74,0,292,1026.00,6,'Meera Iyer'),(47,2,'Earrings','D019','Kachhe Ka Baaki',5.00,15.00,205.00,3.05,36.00,65.00,'b',4836.20,9550.00,1.02,9741.00,14577.20,0,293,880.00,4,'Meera Iyer'),(47,3,'Earrings','D019','Kachhe Ka Baaki',6.00,16.00,206.00,3.06,5.00,12.00,'c',4512.24,9550.00,1.03,9836.50,14348.74,0,294,880.00,4,'Meera Iyer'),(47,4,'Earrings','D019','Kachhe Ka Baaki',7.00,17.00,207.00,3.07,2.00,62.00,'d',4712.28,9550.00,1.04,9932.00,14644.28,0,295,880.00,4,'Meera Iyer'),(47,5,'Necklace','D020','Kachhe Ka Baaki',8.00,18.00,208.00,3.08,542.00,36.00,'e',5436.32,9550.00,1.05,10027.50,15463.82,0,296,544.00,4,'Meera Iyer'),(47,6,'Chain','D017','Kachhe Ka Baaki',9.00,19.00,209.00,3.09,6262.00,41.00,'f',7640.09,9550.00,1.06,10123.00,17763.09,0,297,1097.00,1,'Meera Iyer'),(47,7,'Bracelet','D016','Kachhe Ka Baaki',10.00,110.00,210.00,3.10,2.00,23.00,'g',6720.40,9550.00,1.07,10218.50,16938.90,0,298,1322.00,4,'Meera Iyer'),(47,8,'Bracelet','D016','Kachhe Ka Baaki',11.00,111.00,211.00,3.01,2.00,52.00,'h',5136.03,9550.00,1.08,10314.00,15450.03,0,299,1322.00,3,'Meera Iyer'),(47,9,'Bracelet','D016','Kachhe Ka Baaki',12.00,112.00,212.00,3.01,2.00,45.00,'i',3416.02,9550.00,1.09,10409.50,13825.52,0,300,1322.00,2,'Meera Iyer'),(48,1,'Nose Ring','D018','Kachhe Ka Baaki',4.00,14.00,204.00,3.04,5.00,22.00,'a',7668.24,9550.00,1.01,9645.50,17313.74,0,301,1026.00,6,'Meera Iyer'),(48,2,'Earrings','D019','Kachhe Ka Baaki',5.00,15.00,205.00,3.05,36.00,65.00,'b',4836.20,9550.00,1.02,9741.00,14577.20,0,302,880.00,4,'Meera Iyer'),(48,3,'Earrings','D019','Kachhe Ka Baaki',6.00,16.00,206.00,3.06,5.00,12.00,'c',4512.24,9550.00,1.03,9836.50,14348.74,0,303,880.00,4,'Meera Iyer'),(48,4,'Earrings','D019','Kachhe Ka Baaki',7.00,17.00,207.00,3.07,2.00,62.00,'d',4712.28,9550.00,1.04,9932.00,14644.28,0,304,880.00,4,'Meera Iyer'),(48,5,'Necklace','D020','Kachhe Ka Baaki',8.00,18.00,208.00,3.08,542.00,36.00,'e',5436.32,9550.00,1.05,10027.50,15463.82,0,305,544.00,4,'Meera Iyer'),(48,6,'Chain','D017','Kachhe Ka Baaki',9.00,19.00,209.00,3.09,6262.00,41.00,'f',7640.09,9550.00,1.06,10123.00,17763.09,0,306,1097.00,1,'Meera Iyer'),(48,7,'Bracelet','D016','Kachhe Ka Baaki',10.00,110.00,210.00,3.10,2.00,23.00,'g',6720.40,9550.00,1.07,10218.50,16938.90,0,307,1322.00,4,'Meera Iyer'),(48,8,'Bracelet','D016','Kachhe Ka Baaki',11.00,111.00,211.00,3.01,2.00,52.00,'h',5136.03,9550.00,1.08,10314.00,15450.03,0,308,1322.00,3,'Meera Iyer'),(48,9,'Bracelet','D016','Kachhe Ka Baaki',12.00,112.00,212.00,3.01,2.00,45.00,'i',3416.02,9550.00,1.09,10409.50,13825.52,0,309,1322.00,2,'Meera Iyer'),(48,10,'Nose Ring','D018','Kachhe Me Jama',0.00,0.00,0.00,0.00,0.00,0.00,'',6156.00,9550.00,0.00,0.00,6156.00,114,310,1026.00,6,'Meera Iyer'),(49,1,'Nose Ring','D018','Kachhe Ka Baaki',4.00,14.00,204.00,3.04,5.00,22.00,'a',7668.24,9550.00,1.01,9645.50,17313.74,0,311,1026.00,6,'Meera Iyer'),(49,2,'Earrings','D019','Kachhe Ka Baaki',5.00,15.00,205.00,3.05,36.00,65.00,'b',4836.20,9550.00,1.02,9741.00,14577.20,0,312,880.00,4,'Meera Iyer'),(49,3,'Earrings','D019','Kachhe Ka Baaki',6.00,16.00,206.00,3.06,5.00,12.00,'c',4512.24,9550.00,1.03,9836.50,14348.74,0,313,880.00,4,'Meera Iyer'),(49,4,'Earrings','D019','Kachhe Ka Baaki',7.00,17.00,207.00,3.07,2.00,62.00,'d',4712.28,9550.00,1.04,9932.00,14644.28,0,314,880.00,4,'Meera Iyer'),(49,5,'Necklace','D020','Kachhe Ka Baaki',8.00,18.00,208.00,3.08,542.00,36.00,'e',5436.32,9550.00,1.05,10027.50,15463.82,0,315,544.00,4,'Meera Iyer'),(49,6,'Chain','D017','Kachhe Ka Baaki',9.00,19.00,209.00,3.09,6262.00,41.00,'f',7640.09,9550.00,1.06,10123.00,17763.09,0,316,1097.00,1,'Meera Iyer'),(49,7,'Bracelet','D016','Kachhe Ka Baaki',10.00,110.00,210.00,3.10,2.00,23.00,'g',6720.40,9550.00,1.07,10218.50,16938.90,0,317,1322.00,4,'Meera Iyer'),(49,8,'Bracelet','D016','Kachhe Ka Baaki',11.00,111.00,211.00,3.01,2.00,52.00,'h',5136.03,9550.00,1.08,10314.00,15450.03,0,318,1322.00,3,'Meera Iyer'),(49,9,'Bracelet','D016','Kachhe Ka Baaki',12.00,112.00,212.00,3.01,2.00,45.00,'i',3416.02,9550.00,1.09,10409.50,13825.52,0,319,1322.00,2,'Meera Iyer'),(49,10,'Nose Ring','D018','Kachhe Me Jama',0.00,0.00,0.00,0.00,0.00,65.00,'j',6546.00,9550.00,5.00,47750.00,54296.00,114,320,1026.00,6,'Meera Iyer'),(50,1,'Nose Ring','D018','Kachhe Me Jama',150.00,40.00,45.00,350.00,120.00,9.00,'ab',6960.00,9100.00,1.00,9100.00,16060.00,114,321,1026.00,4,'Meera Iyer'),(50,2,'Earrings','D019','Kachhe Me Jama',150.00,40.00,20.00,80.00,220.00,9.00,'cd',2798.00,9100.00,1.00,9100.00,11898.00,115,322,880.00,2,'Meera Iyer'),(50,3,'Earrings','D019','Kachhe Me Jama',100.00,30.00,80.00,45.00,345.00,9.00,'gh',7445.00,9100.00,1.50,13650.00,21095.00,115,323,880.00,5,'Meera Iyer'),(51,1,'Bracelet','D016','Kachhe Me Jama',0.00,0.00,0.00,0.00,0.00,0.00,'',5288.00,0.00,0.00,0.00,5288.00,112,324,1322.00,4,'Meera Iyer'),(51,2,'Chain','D017','Kachhe Me Jama',0.00,0.00,0.00,0.00,0.00,0.00,'',5485.00,0.00,0.00,0.00,5485.00,113,325,1097.00,5,'Meera Iyer'),(52,1,'Anklet','D002','Kachhe Ka Baaki',0.00,0.00,0.00,0.00,0.00,0.00,'',5516.00,0.00,0.00,0.00,5516.00,0,326,1379.00,4,'Amit Sharma'),(53,1,'Bangles','D005','Kachhe Ka Baaki',0.00,0.00,0.00,0.00,0.00,0.00,'',5512.00,0.00,0.00,0.00,5512.00,0,327,1378.00,4,'Meera Iyer'),(54,1,'1','NoID','Kachhe Ka Baaki',55.00,0.00,0.00,0.00,0.00,0.00,'',55.00,8550.00,5.00,42750.00,42805.00,0,328,0.00,1,'Kavita Das'),(54,2,'2','NoID','Kachhe Ka Baaki',55.00,0.00,0.00,0.00,0.00,0.00,'',275.00,8550.00,2.00,17100.00,17375.00,0,329,0.00,5,'Kavita Das'),(55,1,'1','NoID','Kachhe Ka Baaki',55.00,0.00,0.00,0.00,0.00,0.00,'',55.00,8550.00,5.00,42750.00,42805.00,0,330,0.00,1,'Kavita Das'),(55,2,'2','NoID','Kachhe Ka Baaki',55.00,0.00,0.00,0.00,0.00,0.00,'',275.00,8550.00,2.00,17100.00,17375.00,0,331,0.00,5,'Kavita Das'),(56,1,'Earrings','D019','Kachhe Me Jama',0.00,0.00,0.00,0.00,0.00,0.00,'',3520.00,8552.00,1.00,8552.00,12072.00,115,332,880.00,4,'Meera Iyer'),(56,2,'Nose Ring','D018','Kachhe Me Jama',0.00,0.00,0.00,0.00,0.00,0.00,'',6156.00,8552.00,2.00,17104.00,23260.00,114,333,1026.00,6,'Meera Iyer'),(56,3,'Bracelet','D016','Kachhe Me Jama',0.00,0.00,0.00,0.00,0.00,0.00,'',6610.00,8552.00,5.00,42760.00,49370.00,112,334,1322.00,5,'Meera Iyer'),(57,1,'Earrings','D019','Kachhe Me Jama',0.00,0.00,0.00,0.00,0.00,0.00,'',3520.00,8552.00,1.00,8552.00,12072.00,115,335,880.00,4,'Meera Iyer'),(57,2,'Nose Ring','D018','Kachhe Me Jama',0.00,0.00,0.00,0.00,0.00,0.00,'',6156.00,8552.00,2.00,17104.00,23260.00,114,336,1026.00,6,'Meera Iyer'),(57,3,'Bracelet','D016','Kachhe Me Jama',0.00,0.00,0.00,0.00,0.00,0.00,'',6610.00,8552.00,5.00,42760.00,49370.00,112,337,1322.00,5,'Meera Iyer'),(58,1,'Anklet','D002','Kachhe Ka Baaki',12.00,55.00,0.00,0.00,0.00,0.00,'',2892.00,4544.00,2.00,9088.00,11980.00,0,338,1379.00,2,'Meera Iyer'),(58,2,'Bracelet','D004','Kachhe Ka Baaki',65.00,228.00,0.00,0.00,0.00,0.00,'',3366.00,4544.00,1.00,4544.00,7910.00,0,339,829.00,3,'Meera Iyer'),(58,3,'Bangles','D005','Kachhe Ka Baaki',23.00,254.00,0.00,0.00,0.00,0.00,'',8275.00,4544.00,2.00,9088.00,17363.00,0,340,1378.00,5,'Meera Iyer'),(58,4,'Bracelet','D007','Kachhe Ka Baaki',45.00,0.00,0.00,0.00,0.00,0.00,'',4008.00,4544.00,1.00,4544.00,8552.00,0,341,957.00,4,'Meera Iyer'),(58,5,'Necklace','D006','Kachhe Ka Baaki',12.00,0.00,0.00,0.00,0.00,0.00,'',1952.00,4544.00,2.00,9088.00,11040.00,0,342,964.00,2,'Meera Iyer'),(58,6,'Anklet','D002','Kachhe Ka Baaki',32.00,0.00,0.00,0.00,0.00,0.00,'',21165.00,4544.00,1.00,4544.00,25709.00,0,343,1379.00,15,'Meera Iyer'),(58,7,'Ring','D154','Kachhe Ka Baaki',565.00,0.00,0.00,0.00,0.00,0.00,'',50800.00,4544.00,22.00,99968.00,150768.00,0,344,1975.00,20,'Meera Iyer'),(58,8,'Earrings','D013','Kachhe Ka Baaki',12.00,0.00,0.00,0.00,0.00,0.00,'',3530.00,4544.00,5.00,22720.00,26250.00,0,345,694.00,5,'Meera Iyer'),(59,1,'Bangles','D005','Kachhe Ka Baaki',0.00,0.00,0.00,0.00,0.00,0.00,'',1378.00,8550.00,1.50,12825.00,14203.00,0,346,1378.00,1,'Arjun Nair'),(59,2,'Chain','D001','Kachhe Ka Baaki',0.00,0.00,0.00,0.00,0.00,0.00,'',6975.00,8550.00,0.50,4275.00,11250.00,0,347,1395.00,5,'Arjun Nair'),(59,3,'Anklet','D003','Kachhe Ka Baaki',0.00,0.00,0.00,0.00,0.00,0.00,'',9846.00,8550.00,0.30,2565.00,12411.00,0,348,1641.00,6,'Arjun Nair'),(59,4,'Bracelet','D004','Kachhe Ka Baaki',0.00,0.00,0.00,0.00,0.00,0.00,'',1658.00,8550.00,0.10,855.00,2513.00,0,349,829.00,2,'Arjun Nair'),(59,5,'Ring','D008','Kachhe Ka Baaki',0.00,0.00,0.00,0.00,0.00,0.00,'',5967.00,8550.00,0.50,4275.00,10242.00,0,350,1989.00,3,'Arjun Nair'),(59,6,'Nose Ring','D009','Kachhe Ka Baaki',0.00,0.00,0.00,0.00,0.00,0.00,'',16760.00,8550.00,0.50,4275.00,21035.00,0,351,2095.00,8,'Arjun Nair'),(59,7,'Bangles','D005','Kachhe Ka Baaki',0.00,0.00,0.00,0.00,0.00,0.00,'',2756.00,8550.00,0.80,6840.00,9596.00,0,352,1378.00,2,'Arjun Nair'),(59,8,'Bracelet','D004','Kachhe Ka Baaki',0.00,0.00,0.00,0.00,0.00,0.00,'',4145.00,8550.00,0.20,1710.00,5855.00,0,353,829.00,5,'Arjun Nair'),(59,9,'Anklet','D002','Kachhe Ka Baaki',0.00,0.00,0.00,0.00,0.00,0.00,'',8274.00,8550.00,0.50,4275.00,12549.00,0,354,1379.00,6,'Arjun Nair'),(60,1,'Bangles','D005','Kachhe Ka Baaki',0.00,0.00,0.00,0.00,0.00,0.00,'',1378.00,8550.00,1.50,12825.00,14203.00,0,355,1378.00,1,'Arjun Nair'),(60,2,'Chain','D001','Kachhe Ka Baaki',0.00,0.00,0.00,0.00,0.00,0.00,'',6975.00,8550.00,0.50,4275.00,11250.00,0,356,1395.00,5,'Arjun Nair'),(60,3,'Anklet','D003','Kachhe Ka Baaki',0.00,0.00,0.00,0.00,0.00,0.00,'',9846.00,8550.00,0.30,2565.00,12411.00,0,357,1641.00,6,'Arjun Nair'),(60,4,'Bracelet','D004','Kachhe Ka Baaki',0.00,0.00,0.00,0.00,0.00,0.00,'',1658.00,8550.00,0.10,855.00,2513.00,0,358,829.00,2,'Arjun Nair'),(60,5,'Ring','D008','Kachhe Ka Baaki',0.00,0.00,0.00,0.00,0.00,0.00,'',5967.00,8550.00,0.50,4275.00,10242.00,0,359,1989.00,3,'Arjun Nair'),(60,6,'Nose Ring','D009','Kachhe Ka Baaki',0.00,0.00,0.00,0.00,0.00,0.00,'',16760.00,8550.00,0.50,4275.00,21035.00,0,360,2095.00,8,'Arjun Nair'),(60,7,'Bangles','D005','Kachhe Ka Baaki',0.00,0.00,0.00,0.00,0.00,0.00,'',2756.00,8550.00,0.80,6840.00,9596.00,0,361,1378.00,2,'Arjun Nair'),(60,8,'Bracelet','D004','Kachhe Ka Baaki',0.00,0.00,0.00,0.00,0.00,0.00,'',4145.00,8550.00,0.20,1710.00,5855.00,0,362,829.00,5,'Arjun Nair'),(60,9,'Anklet','D002','Kachhe Ka Baaki',0.00,0.00,0.00,0.00,0.00,0.00,'',8274.00,8550.00,0.50,4275.00,12549.00,0,363,1379.00,6,'Arjun Nair'),(61,1,'Bangles','D005','Kachhe Ka Baaki',0.00,0.00,0.00,0.00,0.00,0.00,'',2756.00,8550.00,0.00,0.00,2756.00,0,364,1378.00,2,'Arjun Nair'),(62,1,'Bangles','D005','Repairing',500.00,500.00,0.00,0.00,0.00,0.00,'',11890.00,8500.00,1.00,8500.00,20390.00,0,365,1378.00,5,'Meera Iyer'),(62,2,'Nose Ring','D009','Repairing',300.00,300.00,0.00,0.00,0.00,0.00,'',5390.00,8500.00,1.00,8500.00,13890.00,0,366,2095.00,2,'Meera Iyer'),(62,3,'Chain','D001','Repairing',500.00,200.00,0.00,0.00,0.00,0.00,'',6285.00,8500.00,1.00,8500.00,14785.00,0,367,1395.00,3,'Meera Iyer'),(62,4,'Bracelet','D145','Repairing',400.00,0.00,0.00,0.00,0.00,0.00,'',5108.00,8500.00,1.00,8500.00,13608.00,0,368,877.00,4,'Meera Iyer'),(62,5,'Earrings','D019','Kachhe Me Jama',0.00,0.00,0.00,0.00,0.00,0.00,'',3520.00,8500.00,0.00,0.00,3520.00,115,369,880.00,4,'Meera Iyer'),(62,6,'Necklace','D020','Kachhe Me Jama',0.00,0.00,0.00,0.00,0.00,0.00,'',1088.00,8500.00,0.00,0.00,1088.00,116,370,544.00,2,'Meera Iyer'),(62,7,'Earrings','D019','Kachhe Me Jama',0.00,0.00,0.00,0.00,0.00,0.00,'',4400.00,8500.00,0.00,0.00,4400.00,115,371,880.00,5,'Meera Iyer'),(62,8,'Nose Ring','D018','Kachhe Me Jama',0.00,500.00,0.00,0.00,0.00,0.00,'',4578.00,8500.00,0.00,0.00,4578.00,114,372,1026.00,3,'Meera Iyer'),(62,9,'Nose Ring','D018','Kachhe Me Jama',0.00,200.00,0.00,0.00,0.00,0.00,'',3678.00,8500.00,0.00,0.00,3678.00,114,373,1026.00,3,'Meera Iyer'),(63,1,'Bangles','D005','Kachhe Ka Baaki',0.00,0.00,0.00,0.00,0.00,0.00,'',1378.00,0.00,0.00,0.00,1378.00,0,374,1378.00,1,'Amit Sharma'),(64,1,'mangal','NoID','Kachhe Ka Baaki',500.00,45.00,26.00,15.00,50.00,0.00,'',6860.00,8550.00,0.50,4275.00,11135.00,0,375,50.00,10,'Neha Joshi'),(64,2,'Chain','D050','Kachhe Me Jama',0.00,0.00,0.00,0.00,0.00,0.00,'',3960.00,8550.00,0.20,1710.00,5670.00,416,376,1320.00,3,'Neha Joshi'),(64,3,'jhgjh','NoID','Kachhe Me Jama',500.00,600.00,50.00,200.00,0.00,0.00,'',42750.00,8550.00,0.10,855.00,43605.00,415,377,1500.00,15,'Neha Joshi');
/*!40000 ALTER TABLE `billdetails` ENABLE KEYS */;
UNLOCK TABLES;

--
-- Table structure for table `bills`
--

DROP TABLE IF EXISTS `bills`;
/*!40101 SET @saved_cs_client     = @@character_set_client */;
/*!50503 SET character_set_client = utf8mb4 */;
CREATE TABLE `bills` (
  `BillID` int NOT NULL AUTO_INCREMENT,
  `customer_name` varchar(255) DEFAULT NULL,
  `date` datetime DEFAULT CURRENT_TIMESTAMP,
  PRIMARY KEY (`BillID`),
  KEY `fk_customer_name` (`customer_name`),
  CONSTRAINT `fk_customer_name` FOREIGN KEY (`customer_name`) REFERENCES `customers` (`customer_name`)
) ENGINE=InnoDB AUTO_INCREMENT=65 DEFAULT CHARSET=utf8mb4 COLLATE=utf8mb4_0900_ai_ci;
/*!40101 SET character_set_client = @saved_cs_client */;

--
-- Dumping data for table `bills`
--

LOCK TABLES `bills` WRITE;
/*!40000 ALTER TABLE `bills` DISABLE KEYS */;
INSERT INTO `bills` VALUES (6,'Meera Iyer','2025-04-04 14:10:54'),(7,NULL,'2025-04-04 14:10:54'),(8,NULL,'2025-04-04 14:10:54'),(9,NULL,'2025-04-04 14:10:54'),(10,NULL,'2025-04-04 14:10:54'),(11,NULL,'2025-04-04 14:10:54'),(12,NULL,'2025-04-04 14:10:54'),(13,NULL,'2025-04-04 14:10:54'),(14,NULL,'2025-04-04 14:10:54'),(15,NULL,'2025-04-04 14:10:54'),(16,NULL,'2025-04-04 14:10:54'),(17,NULL,'2025-04-04 14:10:54'),(18,NULL,'2025-04-04 14:10:54'),(19,NULL,'2025-04-04 14:10:54'),(20,NULL,'2025-04-04 14:10:54'),(21,NULL,'2025-04-04 14:10:54'),(22,NULL,'2025-04-04 14:10:54'),(23,NULL,'2025-04-04 14:10:54'),(26,'Meera Iyer','2025-04-04 14:10:54'),(27,'Meera Iyer','2025-04-04 14:10:54'),(28,'Meera Iyer','2025-04-04 14:10:54'),(29,'Meera Iyer','2025-04-04 14:10:54'),(30,'Meera Iyer','2025-04-04 14:10:54'),(31,'Meera Iyer','2025-04-04 14:10:54'),(32,'Meera Iyer','2025-04-04 14:10:54'),(33,'Meera Iyer','2025-04-04 14:10:54'),(34,'Meera Iyer','2025-04-04 14:10:54'),(35,'Meera Iyer','2025-04-04 14:10:54'),(38,'Meera Iyer','2025-04-04 14:10:54'),(39,'Meera Iyer','2025-04-04 14:10:54'),(40,'Meera Iyer','2025-04-04 14:10:54'),(41,'Meera Iyer','2025-04-04 14:10:54'),(42,'Meera Iyer','2025-04-04 14:10:54'),(43,'Meera Iyer','2025-04-04 14:10:54'),(44,'Meera Iyer','2025-04-04 14:10:54'),(45,'Meera Iyer','2025-04-04 14:10:54'),(46,'Meera Iyer','2025-04-04 14:10:54'),(47,'Meera Iyer','2025-04-04 14:10:54'),(48,'Meera Iyer','2025-04-04 14:10:54'),(49,'Meera Iyer','2025-04-04 14:10:54'),(50,'Meera Iyer','2025-04-04 14:10:54'),(51,'Meera Iyer','2025-04-04 14:10:54'),(52,'Amit Sharma','2025-04-04 14:10:54'),(53,'Meera Iyer','2025-04-04 14:10:54'),(54,NULL,'2025-04-04 16:44:50'),(55,NULL,'2025-04-03 13:00:00'),(56,NULL,'2025-04-10 14:45:42'),(57,NULL,'2025-04-10 14:45:42'),(58,NULL,'2025-04-10 15:41:47'),(59,NULL,'2025-04-10 15:44:17'),(60,NULL,'2025-04-10 15:44:17'),(61,NULL,'2025-04-10 15:46:11'),(62,NULL,'2025-04-13 19:18:44'),(63,NULL,'2025-04-14 00:40:12'),(64,NULL,'2025-04-19 22:45:55');
/*!40000 ALTER TABLE `bills` ENABLE KEYS */;
UNLOCK TABLES;

--
-- Table structure for table `customers`
--

DROP TABLE IF EXISTS `customers`;
/*!40101 SET @saved_cs_client     = @@character_set_client */;
/*!50503 SET character_set_client = utf8mb4 */;
CREATE TABLE `customers` (
  `customer_id` int NOT NULL AUTO_INCREMENT,
  `customer_name` varchar(255) NOT NULL,
  PRIMARY KEY (`customer_id`),
  UNIQUE KEY `customer_name` (`customer_name`)
) ENGINE=InnoDB AUTO_INCREMENT=16 DEFAULT CHARSET=utf8mb4 COLLATE=utf8mb4_0900_ai_ci;
/*!40101 SET character_set_client = @saved_cs_client */;

--
-- Dumping data for table `customers`
--

LOCK TABLES `customers` WRITE;
/*!40000 ALTER TABLE `customers` DISABLE KEYS */;
INSERT INTO `customers` VALUES (6,'Amit Sharma'),(14,'Arjun Nair'),(13,'Kavita Das'),(11,'Meera Iyer'),(9,'Neha Joshi'),(7,'Priya Verma'),(8,'Rohan Gupta'),(15,'Sneha Kapoor'),(10,'Suresh Patel'),(12,'Vikram Singh');
/*!40000 ALTER TABLE `customers` ENABLE KEYS */;
UNLOCK TABLES;

--
-- Table structure for table `inventory`
--

DROP TABLE IF EXISTS `inventory`;
/*!40101 SET @saved_cs_client     = @@character_set_client */;
/*!50503 SET character_set_client = utf8mb4 */;
CREATE TABLE `inventory` (
  `DesignID` varchar(20) NOT NULL,
  `TotalQuantity` int NOT NULL,
  `SupplierName` varchar(50) NOT NULL,
  `itemname` varchar(50) DEFAULT NULL,
  `price` int DEFAULT NULL,
  PRIMARY KEY (`DesignID`)
) ENGINE=InnoDB DEFAULT CHARSET=utf8mb4 COLLATE=utf8mb4_0900_ai_ci;
/*!40101 SET character_set_client = @saved_cs_client */;

--
-- Dumping data for table `inventory`
--

LOCK TABLES `inventory` WRITE;
/*!40000 ALTER TABLE `inventory` DISABLE KEYS */;
INSERT INTO `inventory` VALUES ('D001',411,'Supplier8','Chain',1395),('D002',427,'Supplier4','Anklet',1379),('D003',202,'Supplier2','Anklet',1641),('D004',65,'Supplier1','Bracelet',829),('D005',470,'Supplier5','Bangles',1378),('D006',449,'Supplier5','Necklace',964),('D007',232,'Supplier10','Bracelet',957),('D008',916,'Supplier6','Ring',1989),('D009',896,'Supplier10','Nose Ring',2095),('D010',706,'Supplier8','Bangles',968),('D011',529,'Supplier6','Ring',2022),('D012',100,'Supplier7','Bracelet',696),('D013',282,'Supplier7','Earrings',694),('D014',746,'Supplier1','Necklace',1365),('D015',259,'Supplier6','Chain',1779),('D016',193,'Supplier6','Bracelet',1322),('D017',892,'Supplier9','Chain',1097),('D018',567,'Supplier6','Nose Ring',1026),('D019',863,'Supplier2','Earrings',880),('D020',373,'Supplier9','Necklace',544),('D021',284,'Supplier9','Pendant',1046),('D022',127,'Supplier3','Necklace',598),('D023',178,'Supplier3','Bangles',2263),('D024',723,'Supplier6','Chain',1284),('D025',897,'Supplier10','Bracelet',766),('D026',485,'Supplier6','Pendant',572),('D027',938,'Supplier3','Anklet',1867),('D028',404,'Supplier6','Earrings',1635),('D029',66,'Supplier1','Earrings',1392),('D030',672,'Supplier7','Necklace',550),('D031',60,'Supplier7','Earrings',1800),('D032',696,'Supplier2','Bangles',525),('D033',452,'Supplier8','Pendant',1941),('D034',243,'Supplier6','Necklace',735),('D035',576,'Supplier2','Nose Ring',743),('D036',400,'Supplier2','Chain',1034),('D037',521,'Supplier4','Earrings',2058),('D038',228,'Supplier4','Nose Ring',1891),('D039',201,'Supplier5','Pendant',1563),('D040',468,'Supplier4','Necklace',555),('D041',59,'Supplier7','Bracelet',1467),('D042',963,'Supplier1','Earrings',1840),('D043',705,'Supplier2','Pendant',1755),('D044',762,'Supplier6','Pendant',618),('D045',132,'Supplier10','Anklet',1778),('D046',172,'Supplier5','Bangles',1205),('D047',72,'Supplier8','Bangles',984),('D048',562,'Supplier7','Bangles',1588),('D049',76,'Supplier3','Nose Ring',665),('D050',75,'Supplier6','Chain',1320),('D051',989,'Supplier5','Ring',708),('D052',771,'Supplier2','Pendant',1552),('D053',265,'Supplier3','Pendant',792),('D054',450,'Supplier4','Pendant',1814),('D055',116,'Supplier1','Necklace',1640),('D056',817,'Supplier1','Bangles',1251),('D057',283,'Supplier8','Bracelet',2128),('D058',793,'Supplier2','Anklet',2126),('D059',163,'Supplier9','Nose Ring',537),('D060',787,'Supplier6','Bracelet',1911),('D061',247,'Supplier7','Anklet',1506),('D062',553,'Supplier9','Pendant',1318),('D063',745,'Supplier2','Anklet',1985),('D064',883,'Supplier9','Pendant',1654),('D065',467,'Supplier2','Anklet',304),('D066',541,'Supplier6','Earrings',2199),('D067',751,'Supplier9','Nose Ring',1163),('D068',225,'Supplier7','Pendant',494),('D069',709,'Supplier2','Chain',1178),('D070',828,'Supplier8','Earrings',1779),('D071',488,'Supplier1','Ring',325),('D072',904,'Supplier5','Pendant',1383),('D073',964,'Supplier2','Ring',1623),('D074',216,'Supplier9','Nose Ring',2241),('D075',111,'Supplier5','Chain',612),('D076',183,'Supplier3','Bangles',336),('D077',868,'Supplier3','Pendant',1362),('D078',707,'Supplier9','Bracelet',1506),('D079',335,'Supplier7','Pendant',1843),('D080',187,'Supplier5','Pendant',1910),('D081',247,'Supplier7','Anklet',1541),('D082',626,'Supplier2','Ring',1554),('D083',102,'Supplier4','Chain',1980),('D084',797,'Supplier5','Bangles',837),('D085',278,'Supplier4','Bracelet',520),('D086',784,'Supplier6','Earrings',501),('D087',512,'Supplier2','Necklace',1453),('D088',336,'Supplier8','Nose Ring',1433),('D089',900,'Supplier8','Necklace',1483),('D090',440,'Supplier3','Necklace',2228),('D091',373,'Supplier9','Ring',1712),('D092',476,'Supplier2','Bracelet',2286),('D093',189,'Supplier8','Bracelet',1097),('D094',997,'Supplier8','Nose Ring',1010),('D095',951,'Supplier7','Anklet',1415),('D096',282,'Supplier6','Ring',1197),('D097',223,'Supplier6','Bracelet',1820),('D098',926,'Supplier4','Chain',1004),('D099',204,'Supplier8','Bracelet',705),('D100',172,'Supplier1','Chain',2140),('D101',218,'Supplier2','Ring',606),('D102',471,'Supplier8','Anklet',378),('D103',817,'Supplier10','Necklace',371),('D104',724,'Supplier5','Ring',2292),('D105',804,'Supplier10','Anklet',1687),('D106',890,'Supplier4','Ring',625),('D107',723,'Supplier1','Necklace',1403),('D108',364,'Supplier10','Nose Ring',2267),('D109',936,'Supplier8','Bangles',1577),('D110',934,'Supplier8','Nose Ring',823),('D111',643,'Supplier4','Chain',363),('D112',748,'Supplier6','Bangles',1653),('D113',372,'Supplier7','Bracelet',1341),('D114',711,'Supplier10','Anklet',1826),('D115',339,'Supplier3','Bracelet',1455),('D116',164,'Supplier9','Nose Ring',920),('D117',621,'Supplier1','Pendant',1584),('D118',515,'Supplier6','Necklace',550),('D119',251,'Supplier7','Chain',2135),('D120',240,'Supplier3','Pendant',1262),('D121',494,'Supplier9','Ring',1587),('D122',72,'Supplier2','Chain',1912),('D123',435,'Supplier7','Chain',945),('D124',166,'Supplier7','Chain',964),('D125',146,'Supplier6','Bracelet',1803),('D126',984,'Supplier7','Earrings',1920),('D127',975,'Supplier5','Bracelet',2255),('D128',161,'Supplier7','Nose Ring',1566),('D129',436,'Supplier2','Anklet',2073),('D130',102,'Supplier7','Nose Ring',1810),('D131',58,'Supplier8','Chain',417),('D132',669,'Supplier1','Anklet',2281),('D133',633,'Supplier1','Pendant',2087),('D134',581,'Supplier2','Nose Ring',605),('D135',111,'Supplier9','Necklace',413),('D136',899,'Supplier3','Chain',573),('D137',302,'Supplier10','Chain',727),('D138',704,'Supplier9','Nose Ring',879),('D139',652,'Supplier3','Pendant',421),('D140',554,'Supplier5','Bangles',988),('D141',498,'Supplier4','Necklace',443),('D142',746,'Supplier5','Ring',1893),('D143',910,'Supplier2','Nose Ring',1120),('D144',202,'Supplier6','Earrings',664),('D145',783,'Supplier4','Bracelet',877),('D146',723,'Supplier7','Bracelet',799),('D147',507,'Supplier7','Chain',763),('D148',655,'Supplier5','Anklet',727),('D149',486,'Supplier7','Nose Ring',1395),('D150',75,'Supplier5','Earrings',1089),('D151',861,'Supplier1','Chain',392),('D152',670,'Supplier2','Pendant',2143),('D153',650,'Supplier4','Ring',652),('D154',685,'Supplier9','Ring',1975),('D155',71,'Supplier6','Nose Ring',2000),('D156',488,'Supplier8','Earrings',1682),('D157',317,'Supplier4','Chain',516),('D158',122,'Supplier1','Ring',558),('D159',490,'Supplier10','Bracelet',1325),('D160',791,'Supplier4','Anklet',798),('D161',853,'Supplier5','Chain',2074),('D162',845,'Supplier6','Necklace',2280),('D163',630,'Supplier1','Pendant',1697),('D164',735,'Supplier6','Earrings',1016),('D165',678,'Supplier3','Necklace',636),('D166',358,'Supplier2','Pendant',1705),('D167',697,'Supplier3','Anklet',1022),('D168',477,'Supplier2','Anklet',2133),('D169',175,'Supplier10','Necklace',485),('D170',967,'Supplier6','Chain',1443),('D171',363,'Supplier10','Bangles',1428),('D172',814,'Supplier4','Bracelet',589),('D173',95,'Supplier9','Chain',2251),('D174',282,'Supplier3','Bangles',1971),('D175',946,'Supplier3','Necklace',1177),('D176',577,'Supplier5','Pendant',1857),('D177',998,'Supplier7','Bracelet',1059),('D178',142,'Supplier4','Anklet',720),('D179',712,'Supplier9','Necklace',926),('D180',90,'Supplier3','Bracelet',1079),('D181',259,'Supplier10','Ring',759),('D182',173,'Supplier10','Earrings',726),('D183',817,'Supplier4','Anklet',1442),('D184',241,'Supplier3','Chain',1279),('D185',830,'Supplier7','Bangles',1673),('D186',311,'Supplier4','Bangles',1953),('D187',875,'Supplier9','Bangles',2096),('D188',432,'Supplier4','Earrings',2159),('D189',544,'Supplier9','Anklet',398),('D190',769,'Supplier7','Nose Ring',1588),('D191',515,'Supplier6','Ring',2209),('D192',500,'Supplier6','Necklace',456),('D193',77,'Supplier10','Anklet',1393),('D194',402,'Supplier3','Nose Ring',602),('D195',886,'Supplier10','Ring',1513),('D196',778,'Supplier1','Bangles',1767),('D197',439,'Supplier9','Ring',1240),('D198',379,'Supplier4','Pendant',2051),('D199',690,'Supplier8','Bangles',678),('D200',905,'Supplier10','Nose Ring',2270);
/*!40000 ALTER TABLE `inventory` ENABLE KEYS */;
UNLOCK TABLES;

--
-- Table structure for table `order_item_bill_link`
--

DROP TABLE IF EXISTS `order_item_bill_link`;
/*!40101 SET @saved_cs_client     = @@character_set_client */;
/*!50503 SET character_set_client = utf8mb4 */;
CREATE TABLE `order_item_bill_link` (
  `link_id` bigint NOT NULL AUTO_INCREMENT,
  `item_id` bigint NOT NULL,
  `bill_id` int NOT NULL,
  `quantity` int NOT NULL,
  `amount_covered` decimal(10,2) NOT NULL,
  `created_at` timestamp NULL DEFAULT CURRENT_TIMESTAMP,
  PRIMARY KEY (`link_id`),
  KEY `item_id` (`item_id`),
  KEY `bill_id` (`bill_id`),
  CONSTRAINT `order_item_bill_link_ibfk_1` FOREIGN KEY (`item_id`) REFERENCES `order_slips` (`item_id`) ON DELETE CASCADE ON UPDATE CASCADE,
  CONSTRAINT `order_item_bill_link_ibfk_2` FOREIGN KEY (`bill_id`) REFERENCES `bills` (`BillID`) ON DELETE CASCADE ON UPDATE CASCADE
) ENGINE=InnoDB DEFAULT CHARSET=utf8mb4 COLLATE=utf8mb4_0900_ai_ci;
/*!40101 SET character_set_client = @saved_cs_client */;

--
-- Dumping data for table `order_item_bill_link`
--

LOCK TABLES `order_item_bill_link` WRITE;
/*!40000 ALTER TABLE `order_item_bill_link` DISABLE KEYS */;
/*!40000 ALTER TABLE `order_item_bill_link` ENABLE KEYS */;
UNLOCK TABLES;

--
-- Table structure for table `order_slips`
--

DROP TABLE IF EXISTS `order_slips`;
/*!40101 SET @saved_cs_client     = @@character_set_client */;
/*!50503 SET character_set_client = utf8mb4 */;
CREATE TABLE `order_slips` (
  `slip_type` varchar(50) DEFAULT NULL,
  `customer_name` varchar(255) DEFAULT NULL,
  `raw_material_price` decimal(10,2) DEFAULT NULL,
  `item_name` varchar(255) DEFAULT NULL,
  `quantity` int DEFAULT NULL,
  `plating_grams` decimal(10,2) DEFAULT NULL,
  `created_at` timestamp NULL DEFAULT CURRENT_TIMESTAMP,
  `other_details` varchar(50) DEFAULT NULL,
  `design_id` varchar(20) DEFAULT NULL,
  `slip_id` int DEFAULT NULL,
  `item_id` bigint NOT NULL AUTO_INCREMENT,
  `sno` int DEFAULT NULL,
  `billed_quantity` int DEFAULT '0',
  PRIMARY KEY (`item_id`),
  KEY `idx_slip_id` (`slip_id`),
  KEY `idx_customer_name` (`customer_name`),
  KEY `idx_slip_type` (`slip_type`),
  KEY `fk_design_id` (`design_id`),
  CONSTRAINT `customer_fk` FOREIGN KEY (`customer_name`) REFERENCES `customers` (`customer_name`) ON DELETE CASCADE,
  CONSTRAINT `fk_design_id` FOREIGN KEY (`design_id`) REFERENCES `inventory` (`DesignID`) ON DELETE CASCADE ON UPDATE CASCADE,
  CONSTRAINT `fk_slip_id` FOREIGN KEY (`slip_id`) REFERENCES `order_slips_main` (`slip_id`) ON DELETE CASCADE,
  CONSTRAINT `order_slips_ibfk_1` FOREIGN KEY (`slip_type`) REFERENCES `ordertype` (`type_name`)
) ENGINE=InnoDB AUTO_INCREMENT=417 DEFAULT CHARSET=utf8mb4 COLLATE=utf8mb4_0900_ai_ci;
/*!40101 SET character_set_client = @saved_cs_client */;

--
-- Dumping data for table `order_slips`
--

LOCK TABLES `order_slips` WRITE;
/*!40000 ALTER TABLE `order_slips` DISABLE KEYS */;
INSERT INTO `order_slips` VALUES ('Kachhe Me Jama','Amit Sharma',1395.00,'Chain',10,5.50,'2022-01-17 21:46:48','Gold Plated','D001',1,97,1,0),('Kachhe Me Jama','Amit Sharma',1379.00,'Anklet',5,10.20,'2022-01-17 21:46:48','Silver Base','D002',1,98,2,0),('Kachhe Me Jama','Amit Sharma',1641.00,'Anklet',7,6.30,'2022-01-17 21:46:48','Handmade','D003',1,99,3,0),('Kachhe Me Jama','Amit Sharma',829.00,'Bracelet',15,2.00,'2022-01-17 21:46:48','Repolishing','D004',1,100,4,0),('Kachhe Me Jama','Amit Sharma',1378.00,'Bangles',3,7.50,'2022-01-17 21:46:48','Gold Chain','D005',1,101,5,0),('Kachhe Ka Baaki','Arjun Nair',964.00,'Necklace',12,6.10,'2022-04-10 11:02:38','Rose Gold','D006',2,102,1,0),('Kachhe Ka Baaki','Arjun Nair',957.00,'Bracelet',4,9.80,'2022-04-10 11:02:38','Engraved','D007',2,103,2,0),('Kachhe Ka Baaki','Arjun Nair',1989.00,'Ring',9,5.00,'2022-04-10 11:02:38','Classic Design','D008',2,104,3,0),('Kachhe Ka Baaki','Arjun Nair',2095.00,'Nose Ring',20,2.80,'2022-04-10 11:02:38','Diamond Studded','D009',2,105,4,5),('Kachhe Ka Baaki','Arjun Nair',968.00,'Bangles',5,8.40,'2022-04-10 11:02:38','Silver Chain','D010',2,106,5,0),('Repairing','Kavita Das',2022.00,'Ring',8,4.20,'2022-05-24 19:22:49','Antique','D011',3,107,1,0),('Repairing','Kavita Das',696.00,'Bracelet',6,11.00,'2022-05-24 19:22:49','Vintage','D012',3,108,2,0),('Repairing','Kavita Das',694.00,'Earrings',10,5.50,'2022-05-24 19:22:49','Pearl Embedded','D013',3,109,3,0),('Repairing','Kavita Das',1365.00,'Necklace',18,3.10,'2022-05-24 19:22:49','Polished','D014',3,110,4,0),('Repairing','Kavita Das',1779.00,'Chain',7,7.20,'2022-05-24 19:22:49','Oxidized Silver','D015',3,111,5,0),('Kachhe Me Jama','Meera Iyer',1322.00,'Bracelet',11,4.70,'2022-04-28 21:16:12','Thin Band','D016',4,112,1,0),('Kachhe Me Jama','Meera Iyer',1097.00,'Chain',5,12.30,'2022-04-28 21:16:12','Floral Design','D017',4,113,2,0),('Kachhe Me Jama','Meera Iyer',1026.00,'Nose Ring',6,6.70,'2022-04-28 21:16:12','Gold Base','D018',4,114,3,0),('Kachhe Me Jama','Meera Iyer',880.00,'Earrings',14,2.90,'2022-04-28 21:16:12','Stone Studded','D019',4,115,4,0),('Kachhe Me Jama','Meera Iyer',544.00,'Necklace',4,9.50,'2022-04-28 21:16:12','Pure Silver','D020',4,116,5,0),('Kachhe Ka Baaki','Neha Joshi',1046.00,'Pendant',9,5.30,'2022-06-08 05:42:36','Handcrafted','D021',5,117,1,0),('Kachhe Ka Baaki','Neha Joshi',598.00,'Necklace',7,10.70,'2022-06-08 05:42:36','Gold Leaf','D022',5,118,2,0),('Kachhe Ka Baaki','Neha Joshi',2263.00,'Bangles',11,7.10,'2022-06-08 05:42:36','Adjustable','D023',5,119,3,0),('Kachhe Ka Baaki','Neha Joshi',1284.00,'Chain',22,3.50,'2022-06-08 05:42:36','Oxidized Finish','D024',5,120,4,0),('Kachhe Ka Baaki','Neha Joshi',766.00,'Bracelet',6,8.90,'2022-06-08 05:42:36','Traditional Design','D025',5,121,5,0),('Kachhe Me Jama','Amit Sharma',1395.00,'Chain',2,5.25,'2022-05-15 18:14:26','Gold Plated','D001',6,122,1,0),('Kachhe Me Jama','Amit Sharma',1379.00,'Anklet',1,10.50,'2022-05-15 18:14:26','Silver Plated','D002',6,123,2,0),('Kachhe Me Jama','Amit Sharma',1641.00,'Anklet',3,3.75,'2022-05-15 18:14:26','Copper Finish','D003',6,124,3,0),('Kachhe Me Jama','Amit Sharma',829.00,'Bracelet',4,4.25,'2022-05-15 18:14:26','Gold Polish','D004',6,125,4,0),('Kachhe Me Jama','Amit Sharma',1378.00,'Bangles',2,6.00,'2022-05-15 18:14:26','Matte Finish','D005',6,126,5,0),('Kachhe Ka Baaki','Priya Verma',964.00,'Necklace',3,4.75,'2022-07-19 07:34:22','Gold Plated','D006',7,127,1,0),('Kachhe Ka Baaki','Priya Verma',957.00,'Bracelet',1,9.25,'2022-07-19 07:34:22','Silver Plated','D007',7,128,2,0),('Kachhe Ka Baaki','Priya Verma',1989.00,'Ring',2,4.00,'2022-07-19 07:34:22','Copper Finish','D008',7,129,3,0),('Kachhe Ka Baaki','Priya Verma',2095.00,'Nose Ring',5,5.75,'2022-07-19 07:34:22','Gold Polish','D009',7,130,4,0),('Kachhe Ka Baaki','Priya Verma',968.00,'Bangles',3,6.50,'2022-07-19 07:34:22','Matte Finish','D010',7,131,5,0),('Repairing','Rohan Gupta',2022.00,'Ring',2,5.00,'2022-10-17 12:38:35','Gold Plated','D011',8,132,1,0),('Repairing','Rohan Gupta',696.00,'Bracelet',1,10.00,'2022-10-17 12:38:35','Silver Plated','D012',8,133,2,0),('Repairing','Rohan Gupta',694.00,'Earrings',3,3.50,'2022-10-17 12:38:35','Copper Finish','D013',8,134,3,0),('Repairing','Rohan Gupta',1365.00,'Necklace',4,4.50,'2022-10-17 12:38:35','Gold Polish','D014',8,135,4,0),('Repairing','Rohan Gupta',1779.00,'Chain',2,6.25,'2022-10-17 12:38:35','Matte Finish','D015',8,136,5,0),('Kachhe Me Jama','Sneha Kapoor',1322.00,'Bracelet',3,4.00,'2022-09-01 21:59:51','Gold Plated','D016',9,137,1,0),('Kachhe Me Jama','Sneha Kapoor',1097.00,'Chain',1,8.75,'2022-09-01 21:59:51','Silver Plated','D017',9,138,2,0),('Kachhe Me Jama','Sneha Kapoor',1026.00,'Nose Ring',2,3.25,'2022-09-01 21:59:51','Copper Finish','D018',9,139,3,0),('Kachhe Me Jama','Sneha Kapoor',880.00,'Earrings',5,5.50,'2022-09-01 21:59:51','Gold Polish','D019',9,140,4,0),('Kachhe Me Jama','Sneha Kapoor',544.00,'Necklace',3,6.75,'2022-09-01 21:59:51','Matte Finish','D020',9,141,5,0),('Kachhe Ka Baaki','Meera Iyer',1046.00,'Pendant',2,4.50,'2022-02-18 05:33:32','Gold Plated','D021',10,142,1,0),('Kachhe Ka Baaki','Meera Iyer',598.00,'Necklace',1,9.00,'2022-02-18 05:33:32','Silver Plated','D022',10,143,2,0),('Kachhe Ka Baaki','Meera Iyer',2263.00,'Bangles',3,3.75,'2022-02-18 05:33:32','Copper Finish','D023',10,144,3,0),('Kachhe Ka Baaki','Meera Iyer',1284.00,'Chain',4,5.25,'2022-02-18 05:33:32','Gold Polish','D024',10,145,4,0),('Kachhe Ka Baaki','Meera Iyer',766.00,'Bracelet',2,6.50,'2022-02-18 05:33:32','Matte Finish','D025',10,146,5,0),('Kachhe Me Jama','Arjun Nair',572.00,'Pendant',3,4.25,'2022-04-26 15:18:05','Gold Plated','D026',11,147,1,0),('Kachhe Me Jama','Arjun Nair',1867.00,'Anklet',1,9.50,'2022-04-26 15:18:05','Silver Plated','D027',11,148,2,0),('Kachhe Me Jama','Arjun Nair',1635.00,'Earrings',2,3.50,'2022-04-26 15:18:05','Copper Finish','D028',11,149,3,0),('Kachhe Me Jama','Arjun Nair',1392.00,'Earrings',4,5.50,'2022-04-26 15:18:05','Gold Polish','D029',11,150,4,0),('Kachhe Me Jama','Arjun Nair',550.00,'Necklace',3,6.75,'2022-04-26 15:18:05','Matte Finish','D030',11,151,5,0),('Kachhe Ka Baaki','Neha Joshi',1800.00,'Earrings',2,4.75,'2022-05-11 17:19:53','Gold Plated','D031',12,152,1,0),('Kachhe Ka Baaki','Neha Joshi',525.00,'Bangles',1,10.25,'2022-05-11 17:19:53','Silver Plated','D032',12,153,2,0),('Kachhe Ka Baaki','Neha Joshi',1941.00,'Pendant',3,3.75,'2022-05-11 17:19:53','Copper Finish','D033',12,154,3,0),('Kachhe Ka Baaki','Neha Joshi',735.00,'Necklace',3,6.00,'2022-05-11 17:19:53','Gold Polish','D034',12,155,4,0),('Kachhe Ka Baaki','Neha Joshi',743.00,'Nose Ring',2,7.25,'2022-05-11 17:19:53','Matte Finish','D035',12,156,5,0),('Kachhe Me Jama','Vikram Singh',1034.00,'Chain',3,4.00,'2022-01-04 22:15:14','Gold Plated','D036',13,157,1,0),('Kachhe Me Jama','Vikram Singh',2058.00,'Earrings',1,8.50,'2022-01-04 22:15:14','Silver Plated','D037',13,158,2,0),('Kachhe Me Jama','Vikram Singh',1891.00,'Nose Ring',2,3.25,'2022-01-04 22:15:14','Copper Finish','D038',13,159,3,0),('Kachhe Me Jama','Vikram Singh',1563.00,'Pendant',4,5.25,'2022-01-04 22:15:14','Gold Polish','D039',13,160,4,0),('Kachhe Me Jama','Vikram Singh',555.00,'Necklace',3,6.50,'2022-01-04 22:15:14','Matte Finish','D040',13,161,5,0),('Kachhe Ka Baaki','Meera Iyer',1467.00,'Bracelet',2,4.50,'2022-08-22 16:46:27','Gold Plated','D041',14,162,1,0),('Kachhe Ka Baaki','Meera Iyer',1840.00,'Earrings',1,9.00,'2022-08-22 16:46:27','Silver Plated','D042',14,163,2,0),('Kachhe Ka Baaki','Meera Iyer',1755.00,'Pendant',3,3.75,'2022-08-22 16:46:27','Copper Finish','D043',14,164,3,0),('Kachhe Ka Baaki','Meera Iyer',618.00,'Pendant',4,5.25,'2022-08-22 16:46:27','Gold Polish','D044',14,165,4,0),('Kachhe Ka Baaki','Meera Iyer',1778.00,'Anklet',2,6.50,'2022-08-22 16:46:27','Matte Finish','D045',14,166,5,0),('Kachhe Me Jama','Kavita Das',1205.00,'Bangles',3,4.75,'2022-09-05 22:36:38','Gold Plated','D046',15,167,1,0),('Kachhe Me Jama','Kavita Das',984.00,'Bangles',1,10.00,'2022-09-05 22:36:38','Silver Plated','D047',15,168,2,0),('Kachhe Me Jama','Kavita Das',1588.00,'Bangles',2,4.00,'2022-09-05 22:36:38','Copper Finish','D048',15,169,3,0),('Kachhe Me Jama','Kavita Das',665.00,'Nose Ring',5,5.75,'2022-09-05 22:36:38','Gold Polish','D049',15,170,4,0),('Kachhe Me Jama','Kavita Das',1320.00,'Chain',3,6.25,'2022-09-05 22:36:38','Matte Finish','D050',15,171,5,0),('Kachhe Me Jama','Amit Sharma',708.00,'Ring',2,5.00,'2022-08-24 20:13:53','Gold Plated','D051',16,172,1,0),('Kachhe Me Jama','Amit Sharma',1552.00,'Pendant',1,9.75,'2022-08-24 20:13:53','Silver Plated','D052',16,173,2,0),('Kachhe Me Jama','Amit Sharma',792.00,'Pendant',3,4.00,'2022-08-24 20:13:53','Copper Finish','D053',16,174,3,0),('Kachhe Me Jama','Amit Sharma',1814.00,'Pendant',4,5.75,'2022-08-24 20:13:53','Gold Polish','D054',16,175,4,0),('Kachhe Me Jama','Amit Sharma',1640.00,'Necklace',3,6.50,'2022-08-24 20:13:53','Matte Finish','D055',16,176,5,0),('Kachhe Ka Baaki','Sneha Kapoor',1251.00,'Bangles',2,4.25,'2022-05-13 14:49:33','Gold Plated','D056',17,177,1,0),('Kachhe Ka Baaki','Sneha Kapoor',2128.00,'Bracelet',1,8.75,'2022-05-13 14:49:33','Silver Plated','D057',17,178,2,0),('Kachhe Ka Baaki','Sneha Kapoor',2126.00,'Anklet',2,3.50,'2022-05-13 14:49:33','Copper Finish','D058',17,179,3,0),('Kachhe Ka Baaki','Sneha Kapoor',537.00,'Nose Ring',5,6.00,'2022-05-13 14:49:33','Gold Polish','D059',17,180,4,0),('Kachhe Ka Baaki','Sneha Kapoor',1911.00,'Bracelet',3,7.00,'2022-05-13 14:49:33','Matte Finish','D060',17,181,5,0),('Kachhe Ka Baaki','Sneha Kapoor',1506.00,'Anklet',2,5.50,'2022-05-13 14:49:33','Glossy Finish','D061',17,182,6,0),('Kachhe Me Jama','Priya Verma',1318.00,'Pendant',2,4.50,'2022-09-16 18:56:07','Gold Plated','D062',18,183,1,0),('Kachhe Me Jama','Priya Verma',1985.00,'Anklet',1,9.25,'2022-09-16 18:56:07','Silver Plated','D063',18,184,2,0),('Kachhe Me Jama','Priya Verma',1654.00,'Pendant',3,4.25,'2022-09-16 18:56:07','Copper Finish','D064',18,185,3,0),('Kachhe Me Jama','Priya Verma',304.00,'Anklet',5,5.50,'2022-09-16 18:56:07','Gold Polish','D065',18,186,4,0),('Kachhe Me Jama','Priya Verma',2199.00,'Earrings',3,6.75,'2022-09-16 18:56:07','Matte Finish','D066',18,187,5,0),('Kachhe Me Jama','Priya Verma',1163.00,'Nose Ring',2,5.25,'2022-09-16 18:56:07','Glossy Finish','D067',18,188,6,0),('Kachhe Me Jama','Priya Verma',494.00,'Pendant',4,3.75,'2022-09-16 18:56:07','Antique Look','D068',18,189,7,0),('Kachhe Ka Baaki','Rohan Gupta',1178.00,'Chain',3,4.75,'2022-10-18 07:41:59','Gold Plated','D069',19,190,1,0),('Kachhe Ka Baaki','Rohan Gupta',1779.00,'Earrings',1,9.50,'2022-10-18 07:41:59','Silver Plated','D070',19,191,2,0),('Kachhe Ka Baaki','Rohan Gupta',325.00,'Ring',3,4.00,'2022-10-18 07:41:59','Copper Finish','D071',19,192,3,0),('Kachhe Ka Baaki','Rohan Gupta',1383.00,'Pendant',4,5.50,'2022-10-18 07:41:59','Gold Polish','D072',19,193,4,0),('Kachhe Ka Baaki','Rohan Gupta',1623.00,'Ring',2,6.25,'2022-10-18 07:41:59','Matte Finish','D073',19,194,5,0),('Kachhe Ka Baaki','Rohan Gupta',2241.00,'Nose Ring',3,5.00,'2022-10-18 07:41:59','Glossy Finish','D074',19,195,6,0),('Kachhe Ka Baaki','Rohan Gupta',612.00,'Chain',5,3.50,'2022-10-18 07:41:59','Antique Look','D075',19,196,7,0),('Kachhe Ka Baaki','Rohan Gupta',336.00,'Bangles',4,7.00,'2022-10-18 07:41:59','Traditional','D076',19,197,8,0),('Kachhe Me Jama','Meera Iyer',1362.00,'Pendant',2,5.25,'2022-03-11 11:11:36','Gold Plated','D077',20,198,1,0),('Kachhe Me Jama','Meera Iyer',1506.00,'Bracelet',1,9.00,'2022-03-11 11:11:36','Silver Plated','D078',20,199,2,0),('Kachhe Me Jama','Meera Iyer',1843.00,'Pendant',3,4.50,'2022-03-11 11:11:36','Copper Finish','D079',20,200,3,0),('Kachhe Me Jama','Meera Iyer',1910.00,'Pendant',5,6.00,'2022-03-11 11:11:36','Gold Polish','D080',20,201,4,0),('Kachhe Me Jama','Meera Iyer',1541.00,'Anklet',2,6.75,'2022-03-11 11:11:36','Matte Finish','D081',20,202,5,0),('Kachhe Me Jama','Meera Iyer',1554.00,'Ring',3,5.50,'2022-03-11 11:11:36','Glossy Finish','D082',20,203,6,0),('Kachhe Me Jama','Amit Sharma',1400.00,'Ring',3,5.50,'2022-03-24 14:22:03','Gold Plated','D101',21,348,1,0),('Kachhe Me Jama','Amit Sharma',1100.00,'Necklace',1,10.00,'2022-03-24 14:22:03','Silver Plated','D102',21,349,2,0),('Kachhe Me Jama','Amit Sharma',890.00,'Bracelet',2,4.75,'2022-03-24 14:22:03','Copper Finish','D103',21,350,3,0),('Kachhe Me Jama','Amit Sharma',1200.00,'Earrings',4,6.00,'2022-03-24 14:22:03','Gold Polish','D104',21,351,4,0),('Kachhe Me Jama','Amit Sharma',1025.00,'Anklet',3,7.25,'2022-03-24 14:22:03','Matte Finish','D105',21,352,5,0),('Kachhe Ka Baaki','Sneha Kapoor',1650.00,'Ring',2,4.25,'2022-07-24 19:45:27','Gold Plated','D106',22,353,1,0),('Kachhe Ka Baaki','Sneha Kapoor',1300.00,'Necklace',1,9.50,'2022-07-24 19:45:27','Silver Plated','D107',22,354,2,0),('Kachhe Ka Baaki','Sneha Kapoor',1750.00,'Bracelet',3,6.00,'2022-07-24 19:45:27','Copper Finish','D108',22,355,3,0),('Kachhe Ka Baaki','Sneha Kapoor',1900.00,'Earrings',5,4.50,'2022-07-24 19:45:27','Gold Polish','D109',22,356,4,0),('Repairing','Vikram Singh',500.00,'Ring',2,4.00,'2022-06-20 13:11:11','Gold Plated','D110',23,357,1,0),('Repairing','Vikram Singh',600.00,'Necklace',1,5.50,'2022-06-20 13:11:11','Silver Plated','D111',23,358,2,0),('Repairing','Vikram Singh',700.00,'Bracelet',2,3.75,'2022-06-20 13:11:11','Copper Finish','D112',23,359,3,0),('Repairing','Vikram Singh',800.00,'Earrings',3,4.25,'2022-06-20 13:11:11','Gold Polish','D113',23,360,4,0),('Kachhe Me Jama','Priya Verma',1750.00,'Ring',3,5.00,'2022-08-27 12:09:35','Gold Plated','D114',24,361,1,0),('Kachhe Me Jama','Priya Verma',1600.00,'Necklace',2,7.25,'2022-08-27 12:09:35','Silver Plated','D115',24,362,2,0),('Kachhe Me Jama','Priya Verma',1550.00,'Bracelet',3,6.50,'2022-08-27 12:09:35','Copper Finish','D116',24,363,3,0),('Kachhe Ka Baaki','Neha Joshi',1100.00,'Ring',2,3.50,'2022-03-17 02:44:26','Gold Plated','D117',25,364,1,0),('Kachhe Ka Baaki','Neha Joshi',1250.00,'Necklace',1,6.75,'2022-03-17 02:44:26','Silver Plated','D118',25,365,2,0),('Kachhe Ka Baaki','Neha Joshi',1300.00,'Bracelet',3,5.50,'2022-03-17 02:44:26','Copper Finish','D119',25,366,3,0),('Repairing','Amit Sharma',550.00,'Earrings',4,3.75,'2022-09-24 06:43:23','Gold Polish','D120',26,367,1,0),('Repairing','Amit Sharma',750.00,'Toe Ring',4,4.75,'2022-09-24 06:43:23','Rose Gold','D121',26,368,2,0),('Kachhe Me Jama','Sneha Kapoor',1600.00,'Bangle',2,7.75,'2022-07-17 06:53:40','Silver Shine','D122',27,369,1,0),('Kachhe Ka Baaki','Vikram Singh',1400.00,'Toe Ring',3,4.75,'2022-07-07 19:48:15','Rose Gold','D123',28,370,1,0),('Repairing','Neha Joshi',700.00,'Bracelet',2,3.75,'2022-02-14 11:50:17','Copper Finish','D124',29,371,1,0),('Kachhe Me Jama','Amit Sharma',1450.00,'Bangle',2,7.00,'2022-09-23 05:16:38','Silver Shine','D125',30,372,1,0),('Kachhe Me Jama','Amit Sharma',1350.00,'Ring',2,4.50,'2022-10-11 20:22:25','Gold Plated','D126',31,373,1,0),('Kachhe Me Jama','Amit Sharma',1800.00,'Necklace',1,9.75,'2022-10-11 20:22:25','Silver Plated','D127',31,374,2,0),('Kachhe Me Jama','Amit Sharma',950.00,'Bracelet',3,5.00,'2022-10-11 20:22:25','Copper Finish','D128',31,375,3,0),('Kachhe Me Jama','Amit Sharma',1150.00,'Earrings',4,6.25,'2022-10-11 20:22:25','Gold Polish','D129',31,376,4,0),('Kachhe Me Jama','Amit Sharma',1250.00,'Anklet',3,7.50,'2022-10-11 20:22:25','Matte Finish','D130',31,377,5,0),('Kachhe Ka Baaki','Sneha Kapoor',1600.00,'Ring',2,4.00,'2022-01-18 19:32:15','Gold Plated','D131',32,378,1,0),('Kachhe Ka Baaki','Sneha Kapoor',1450.00,'Necklace',1,8.50,'2022-01-18 19:32:15','Silver Plated','D132',32,379,2,0),('Kachhe Ka Baaki','Sneha Kapoor',1700.00,'Bracelet',3,6.25,'2022-01-18 19:32:15','Copper Finish','D133',32,380,3,0),('Kachhe Ka Baaki','Sneha Kapoor',1900.00,'Earrings',5,5.00,'2022-01-18 19:32:15','Gold Polish','D134',32,381,4,0),('Kachhe Ka Baaki','Sneha Kapoor',1750.00,'Toe Ring',2,3.50,'2022-01-18 19:32:15','Rose Gold','D135',32,382,5,0),('Repairing','Vikram Singh',600.00,'Ring',2,3.75,'2022-05-27 18:03:58','Gold Plated','D136',33,383,1,0),('Repairing','Vikram Singh',750.00,'Necklace',1,5.25,'2022-05-27 18:03:58','Silver Plated','D137',33,384,2,0),('Repairing','Vikram Singh',800.00,'Bracelet',2,4.50,'2022-05-27 18:03:58','Copper Finish','D138',33,385,3,0),('Repairing','Vikram Singh',950.00,'Earrings',3,4.75,'2022-05-27 18:03:58','Gold Polish','D139',33,386,4,0),('Repairing','Vikram Singh',1050.00,'Bangle',2,6.50,'2022-05-27 18:03:58','Silver Shine','D140',33,387,5,0),('Kachhe Me Jama','Priya Verma',1850.00,'Ring',3,5.50,'2022-03-16 13:13:08','Gold Plated','D141',34,388,1,0),('Kachhe Me Jama','Priya Verma',1600.00,'Necklace',2,7.00,'2022-03-16 13:13:08','Silver Plated','D142',34,389,2,0),('Kachhe Me Jama','Priya Verma',1550.00,'Bracelet',3,6.50,'2022-03-16 13:13:08','Copper Finish','D143',34,390,3,0),('Kachhe Me Jama','Priya Verma',1400.00,'Earrings',4,5.75,'2022-03-16 13:13:08','Gold Polish','D144',34,391,4,0),('Kachhe Me Jama','Priya Verma',1950.00,'Anklet',3,8.25,'2022-03-16 13:13:08','Matte Finish','D145',34,392,5,0),('Kachhe Ka Baaki','Neha Joshi',1200.00,'Ring',2,4.00,'2022-08-24 17:23:45','Gold Plated','D146',35,393,1,0),('Kachhe Ka Baaki','Neha Joshi',1350.00,'Necklace',1,7.50,'2022-08-24 17:23:45','Silver Plated','D147',35,394,2,0),('Kachhe Ka Baaki','Neha Joshi',1450.00,'Bracelet',3,5.75,'2022-08-24 17:23:45','Copper Finish','D148',35,395,3,0),('Kachhe Ka Baaki','Neha Joshi',1100.00,'Earrings',4,4.50,'2022-08-24 17:23:45','Gold Polish','D149',35,396,4,0),('Kachhe Ka Baaki','Neha Joshi',1600.00,'Toe Ring',2,3.75,'2022-08-24 17:23:45','Rose Gold','D150',35,397,5,0),('Kachhe Ka Baaki','Arjun Nair',1779.00,'Chain',5,1.00,'2025-03-20 17:36:59','','D015',36,398,1,0),('Kachhe Ka Baaki','Arjun Nair',743.00,'Nose Ring',2,5.00,'2025-03-20 17:36:59','','D035',36,399,2,0),('Kachhe Ka Baaki','Arjun Nair',598.00,'Necklace',33,2.00,'2025-03-20 17:36:59','','D022',36,400,3,0),('Kachhe Ka Baaki','Arjun Nair',1089.00,'Earrings',8,3.20,'2025-03-20 17:36:59','','D150',36,401,4,0),('Kachhe Ka Baaki','Amit Sharma',1975.00,'Ring',1,1.00,'2025-03-20 18:41:39','','D154',37,402,1,0),('Kachhe Ka Baaki','Amit Sharma',696.00,'Bracelet',5,52.00,'2025-03-20 18:41:39','','D012',37,403,2,0),('Kachhe Ka Baaki','Amit Sharma',598.00,'Necklace',2,3.00,'2025-03-20 18:41:39','','D022',37,404,3,0),('Kachhe Ka Baaki','Amit Sharma',525.00,'Bangles',6,6.00,'2025-03-20 18:41:39','','D032',37,405,4,0),('Kachhe Ka Baaki','Amit Sharma',1779.00,'Chain',8,52.00,'2025-03-20 18:41:39','','D015',37,406,5,0),('Kachhe Ka Baaki','Amit Sharma',766.00,'Bracelet',1,2.00,'2025-03-20 18:41:39','','D025',37,407,6,0),('Kachhe Me Jama','Kavita Das',1378.00,'Bangles',5,5.00,'2025-04-04 14:46:40','','D005',38,408,1,0),('Kachhe Me Jama','Kavita Das',829.00,'Braceletff',4,64.00,'2025-04-04 14:46:40','','D004',38,409,2,0),('Kachhe Me Jama','Kavita Das',829.00,'Braceletff',4,2.00,'2025-04-04 14:46:40','','D004',38,410,3,0),('Kachhe Me Jama','Kavita Das',1378.00,'Bangles',5,5.00,'2025-04-04 14:47:03','','D005',39,411,1,0),('Kachhe Me Jama','Kavita Das',829.00,'Bracelet',4,64.00,'2025-04-04 14:47:03','','D004',39,412,2,0),('Kachhe Me Jama','Kavita Das',829.00,'Bracelet',4,2.00,'2025-04-04 14:47:03','','D004',39,413,3,0),('Kachhe Me Jama','Kavita Das',1378.00,'Bangles',5,5.00,'2025-04-04 14:47:03','','D005',39,414,4,0),('Kachhe Me Jama','Neha Joshi',1320.00,'Chain',15,0.50,'2025-04-19 17:14:53','','D050',40,415,1,0),('Kachhe Me Jama','Neha Joshi',1500.00,'mangalsutra',25,0.20,'2025-04-19 17:14:53','',NULL,40,416,2,0);
/*!40000 ALTER TABLE `order_slips` ENABLE KEYS */;
UNLOCK TABLES;

--
-- Table structure for table `order_slips_main`
--

DROP TABLE IF EXISTS `order_slips_main`;
/*!40101 SET @saved_cs_client     = @@character_set_client */;
/*!50503 SET character_set_client = utf8mb4 */;
CREATE TABLE `order_slips_main` (
  `slip_id` int NOT NULL AUTO_INCREMENT,
  `slip_type` varchar(50) DEFAULT NULL,
  `created_at` timestamp NULL DEFAULT CURRENT_TIMESTAMP,
  PRIMARY KEY (`slip_id`)
) ENGINE=InnoDB AUTO_INCREMENT=41 DEFAULT CHARSET=utf8mb4 COLLATE=utf8mb4_0900_ai_ci;
/*!40101 SET character_set_client = @saved_cs_client */;

--
-- Dumping data for table `order_slips_main`
--

LOCK TABLES `order_slips_main` WRITE;
/*!40000 ALTER TABLE `order_slips_main` DISABLE KEYS */;
INSERT INTO `order_slips_main` VALUES (1,'Kachhe Me Jama','2022-01-17 21:46:48'),(2,'Kachhe Ka Baaki','2022-04-10 11:02:38'),(3,'Repairing','2022-05-24 19:22:49'),(4,'Kachhe Me Jama','2022-04-28 21:16:12'),(5,'Kachhe Ka Baaki','2022-06-08 05:42:36'),(6,'Kachhe Me Jama','2022-05-15 18:14:26'),(7,'Kachhe Ka Baaki','2022-07-19 07:34:22'),(8,'Repairing','2022-10-17 12:38:35'),(9,'Kachhe Me Jama','2022-09-01 21:59:51'),(10,'Kachhe Ka Baaki','2022-02-18 05:33:32'),(11,'Kachhe Me Jama','2022-04-26 15:18:05'),(12,'Kachhe Ka Baaki','2022-05-11 17:19:53'),(13,'Kachhe Me Jama','2022-01-04 22:15:14'),(14,'Kachhe Ka Baaki','2022-08-22 16:46:27'),(15,'Kachhe Me Jama','2022-09-05 22:36:38'),(16,'Kachhe Me Jama','2022-08-24 20:13:53'),(17,'Kachhe Ka Baaki','2022-05-13 14:49:33'),(18,'Kachhe Me Jama','2022-09-16 18:56:07'),(19,'Kachhe Ka Baaki','2022-10-18 07:41:59'),(20,'Kachhe Me Jama','2022-03-11 11:11:36'),(21,'Kachhe Me Jama','2022-03-24 14:22:03'),(22,'Kachhe Ka Baaki','2022-07-24 19:45:27'),(23,'Repairing','2022-06-20 13:11:11'),(24,'Kachhe Me Jama','2022-08-27 12:09:35'),(25,'Kachhe Ka Baaki','2022-03-17 02:44:26'),(26,'Repairing','2022-09-24 06:43:23'),(27,'Kachhe Me Jama','2022-07-17 06:53:40'),(28,'Kachhe Ka Baaki','2022-07-07 19:48:15'),(29,'Repairing','2022-02-14 11:50:17'),(30,'Kachhe Me Jama','2022-09-23 05:16:38'),(31,'Kachhe Me Jama','2022-10-11 20:22:25'),(32,'Kachhe Ka Baaki','2022-01-18 19:32:15'),(33,'Repairing','2022-05-27 18:03:58'),(34,'Kachhe Me Jama','2022-03-16 13:13:08'),(35,'Kachhe Ka Baaki','2022-08-24 17:23:45'),(36,'Kachhe Ka Baaki','2025-03-20 17:36:59'),(37,'Kachhe Ka Baaki','2025-03-20 18:41:39'),(38,'Kachhe Me Jama','2025-04-04 14:46:40'),(39,'Kachhe Me Jama','2025-04-04 14:47:03'),(40,'Kachhe Me Jama','2025-04-19 17:14:53');
/*!40000 ALTER TABLE `order_slips_main` ENABLE KEYS */;
UNLOCK TABLES;

--
-- Table structure for table `ordertype`
--

DROP TABLE IF EXISTS `ordertype`;
/*!40101 SET @saved_cs_client     = @@character_set_client */;
/*!50503 SET character_set_client = utf8mb4 */;
CREATE TABLE `ordertype` (
  `type_id` int NOT NULL AUTO_INCREMENT,
  `type_name` varchar(50) NOT NULL,
  PRIMARY KEY (`type_id`),
  UNIQUE KEY `type_name` (`type_name`)
) ENGINE=InnoDB AUTO_INCREMENT=4 DEFAULT CHARSET=utf8mb4 COLLATE=utf8mb4_0900_ai_ci;
/*!40101 SET character_set_client = @saved_cs_client */;

--
-- Dumping data for table `ordertype`
--

LOCK TABLES `ordertype` WRITE;
/*!40000 ALTER TABLE `ordertype` DISABLE KEYS */;
INSERT INTO `ordertype` VALUES (2,'Kachhe Ka Baaki'),(1,'Kachhe Me Jama'),(3,'Repairing');
/*!40000 ALTER TABLE `ordertype` ENABLE KEYS */;
UNLOCK TABLES;

--
-- Table structure for table `otherdetail`
--

DROP TABLE IF EXISTS `otherdetail`;
/*!40101 SET @saved_cs_client     = @@character_set_client */;
/*!50503 SET character_set_client = utf8mb4 */;
CREATE TABLE `otherdetail` (
  `id` int NOT NULL,
  `dnumber` int NOT NULL,
  `details` text
) ENGINE=InnoDB DEFAULT CHARSET=utf8mb4 COLLATE=utf8mb4_0900_ai_ci;
/*!40101 SET character_set_client = @saved_cs_client */;

--
-- Dumping data for table `otherdetail`
--

LOCK TABLES `otherdetail` WRITE;
/*!40000 ALTER TABLE `otherdetail` DISABLE KEYS */;
/*!40000 ALTER TABLE `otherdetail` ENABLE KEYS */;
UNLOCK TABLES;

--
-- Table structure for table `transactions`
--

DROP TABLE IF EXISTS `transactions`;
/*!40101 SET @saved_cs_client     = @@character_set_client */;
/*!50503 SET character_set_client = utf8mb4 */;
CREATE TABLE `transactions` (
  `transaction_id` int NOT NULL AUTO_INCREMENT,
  `billid` int DEFAULT NULL,
  `amount` double NOT NULL,
  `date` date NOT NULL,
  `customer_name` varchar(255) DEFAULT NULL,
  `remark` varchar(500) DEFAULT NULL,
  PRIMARY KEY (`transaction_id`),
  KEY `billid` (`billid`),
  KEY `fk_customer_name_transaction` (`customer_name`),
  CONSTRAINT `fk_customer_name_transaction` FOREIGN KEY (`customer_name`) REFERENCES `customers` (`customer_name`),
  CONSTRAINT `transactions_ibfk_1` FOREIGN KEY (`billid`) REFERENCES `bills` (`BillID`)
) ENGINE=InnoDB AUTO_INCREMENT=51 DEFAULT CHARSET=utf8mb4 COLLATE=utf8mb4_0900_ai_ci;
/*!40101 SET character_set_client = @saved_cs_client */;

--
-- Dumping data for table `transactions`
--

LOCK TABLES `transactions` WRITE;
/*!40000 ALTER TABLE `transactions` DISABLE KEYS */;
INSERT INTO `transactions` VALUES (30,59,54,'2025-04-10','Arjun Nair',NULL),(31,59,54,'2025-04-10','Arjun Nair',NULL),(32,59,54,'2025-04-10','Arjun Nair',NULL),(33,59,54,'2025-04-10','Arjun Nair',NULL),(34,59,54,'2025-04-10','Arjun Nair',NULL),(35,59,54,'2025-04-10','Arjun Nair',NULL),(36,59,54,'2025-04-10','Arjun Nair',NULL),(37,59,54,'2025-04-10','Arjun Nair',NULL),(38,59,54,'2025-04-10','Arjun Nair',NULL),(39,59,54,'2025-04-10','Arjun Nair',NULL),(40,59,54,'2025-04-10','Arjun Nair',NULL),(41,59,54,'2025-04-10','Arjun Nair',NULL),(42,58,45,'2025-04-10','Meera Iyer',NULL),(43,58,45,'2025-04-10','Meera Iyer',NULL),(44,58,454,'2025-04-10','Meera Iyer',NULL),(45,58,5857,'2025-04-10','Meera Iyer',NULL),(46,58,58571,'2025-04-10','Meera Iyer',NULL),(47,58,121,'2025-04-10','Meera Iyer',NULL),(48,59,45,'2025-04-09','Arjun Nair',NULL),(49,64,-800,'2025-04-13','Neha Joshi',NULL),(50,63,452,'2025-04-14','Amit Sharma','sadsfasdfasf');
/*!40000 ALTER TABLE `transactions` ENABLE KEYS */;
UNLOCK TABLES;
/*!40103 SET TIME_ZONE=@OLD_TIME_ZONE */;

/*!40101 SET SQL_MODE=@OLD_SQL_MODE */;
/*!40014 SET FOREIGN_KEY_CHECKS=@OLD_FOREIGN_KEY_CHECKS */;
/*!40014 SET UNIQUE_CHECKS=@OLD_UNIQUE_CHECKS */;
/*!40101 SET CHARACTER_SET_CLIENT=@OLD_CHARACTER_SET_CLIENT */;
/*!40101 SET CHARACTER_SET_RESULTS=@OLD_CHARACTER_SET_RESULTS */;
/*!40101 SET COLLATION_CONNECTION=@OLD_COLLATION_CONNECTION */;
/*!40111 SET SQL_NOTES=@OLD_SQL_NOTES */;

-- Dump completed on 2025-04-19 23:02:35
